Glee Cast,174
Taylor Swift,64
Drake,49
Kenny Chesney,39
Justin Bieber,38
Tim McGraw,36
Rascal Flatts,35
Toby Keith,34
Keith Urban,34
Brad Paisley,33
Beyonce,32
Rihanna,29
One Direction,29
George Strait,28
Carrie Underwood,28
Britney Spears,27
Jason Aldean,26
Eminem,26
Blake Shelton,25
Chris Brown,24
The Weeknd,24
Kelly Clarkson,23
Luke Bryan,22
Dierks Bentley,22
Ed Sheeran,22
Kanye West,22
Linkin Park,20
Lady Gaga,20
T.I.,19
Coldplay,19
Alan Jackson,19
Katy Perry,19
Nickelback,19
Avril Lavigne,18
Eric Church,18
Hannah Montana,18
Fall Out Boy,18
Lil Wayne,18
Martina McBride,18
Lady Antebellum,17
John Mayer,17
J. Cole,17
Zac Brown Band,17
Brooks & Dunn,17
Miley Cyrus,17
Christina Aguilera,16
Pink,16
Usher,16
Demi Lovato,16
50 Cent,16
Justin Timberlake,16
Montgomery Gentry,16
Miranda Lambert,16
Mariah Carey,16
Maroon 5,16
Trace Adkins,16
Future,16
Trey Songz,15
Alicia Keys,15
Jason Derulo,15
Jonas Brothers,15
Lonestar,15
Billy Currington,15
Whitney Houston,14
Bruno Mars,14
Nelly,14
David Cook,14
Jay-Z,14
Gary Allan,13
Adele,13
Joe Nichols,13
Ne-Yo,13
Jake Owen,13
R. Kelly,13
Train,13
Jennifer Lopez,13
Sugarland,13
Craig Morgan,12
Colbie Caillat,12
The Black Eyed Peas,12
Nicki Minaj,12
Ke$ha,12
Faith Hill,12
Chris Young,12
Daughtry,11
Red Hot Chili Peppers,11
Gwen Stefani,11
Madonna,11
Mumford & Sons,11
Paramore,11
OneRepublic,11
Florida Georgia Line,11
3 Doors Down,11
Dixie Chicks,11
Destiny's Child,11
Phil Vassar,11
5 Seconds Of Summer,10
Sara Evans,10
Foo Fighters,10
Adam Lambert,10
Backstreet Boys,10
The Fray,10
The Killers,10
Darius Rucker,10
Josh Turner,10
Mary J. Blige,10
Little Big Town,9
Ludacris,9
Panic! At The Disco,9
Chris Cagle,9
Shakira,9
Goo Goo Dolls,9
Drake & Future,9
Jessica Simpson,9
Imagine Dragons,9
P!nk,9
matchbox twenty,9
Jagged Edge,9
3OH!3,9
Michael Buble,9
Sean Paul,9
Enrique Iglesias,8
Kendrick Lamar,8
The Band Perry,8
Rob Thomas,8
Lee Brice,8
Selena Gomez,8
Lifehouse,8
Big & Rich,8
Rodney Atkins,8
Ellie Goulding,8
Lana Del Rey,8
Bon Jovi,8
Justin Moore,8
Thomas Rhett,8
LeAnn Rimes,8
Ariana Grande,8
Brantley Gilbert,8
Green Day,8
My Chemical Romance,8
Big Sean,8
U2,8
Joe,7
Sam Hunt,7
SheDaisy,7
Ginuwine,7
Flo Rida,7
Natasha Bedingfield,7
Randy Houser,7
Mac Miller,7
Ashanti,7
Wiz Khalifa,7
Frank Ocean,7
Rae Sremmurd,7
Akon,7
Selena Gomez & The Scene,7
Sam Smith,7
Monica,7
Audioslave,7
Aaliyah,7
Breaking Benjamin,7
Jo Dee Messina,7
Dave Matthews Band,7
Three Days Grace,7
Pitbull,7
Sawyer Fredericks,7
Kris Allen,7
Shinedown,7
Hilary Duff,7
Avant,7
Sheryl Crow,7
Darryl Worley,7
Jordin Sparks,7
Jack Johnson,7
Staind,7
Migos,7
Mario,7
Disturbed,6
Ciara,6
Nelly Furtado,6
Michelle Branch,6
Brett Eldredge,6
Pearl Jam,6
Jesse McCartney,6
Ashlee Simpson,6
Puddle Of Mudd,6
Gavin DeGraw,6
Lorde,6
Prince,6
Simple Plan,6
Michael Jackson,6
Fergie,6
Lenny Kravitz,6
Danielle Bradbery,6
'N Sync,6
Dustin Lynch,6
Musiq,6
Clay Walker,6
Good Charlotte,6
Papa Roach,6
Shania Twain,6
Jordan Smith,6
Easton Corbin,6
Fetty Wap,6
Blink-182,6
Cole Swindell,6
OutKast,6
Reba,6
Sean Kingston,6
Seether,6
The All-American Rejects,6
Janet,6
Meghan Trainor,6
Shawn Mendes,6
John Legend,6
Jaheim,6
Incubus,6
Young Thug,6
Creed,6
Fantasia,6
Reba McEntire,5
Busta Rhymes,5
Maxwell,5
DMX,5
Nas,5
Robin Thicke,5
Plain White T's,5
James Blunt,5
Eve,5
Andy Grammer,5
Snoop Dogg,5
Keyshia Cole,5
Drake Featuring Lil Wayne,5
System Of A Down,5
Maroon5,5
Celine Dion,5
David Archuleta,5
No Doubt,5
Marc Anthony,5
Gretchen Wilson,5
Meek Mill,5
Avicii,5
Jerrod Niemann,5
Limp Bizkit,5
Missy Elliott,5
Thompson Square,5
Kellie Pickler,5
Jason Mraz,5
Eli Young Band,5
Garth Brooks,5
Cassadee Pope,5
The-Dream,5
Leona Lewis,5
Hunter Hayes,5
Glee Cast Featuring Gwyneth Paltrow,5
Musiq Soulchild,5
Metallica,5
Lee Ann Womack,5
twenty one pilots,5
Kings Of Leon,5
Donell Jones,5
Aly & AJ,5
Miguel,5
Prince And The Revolution,5
The Script,5
Tracy Byrd,5
Andy Griggs,5
112,5
The Pussycat Dolls,5
B2K,4
Bowling For Soup,4
Craig Campbell,4
Fifth Harmony,4
Lupe Fiasco,4
Ashley Tisdale,4
Jack Ingram,4
Avenged Sevenfold,4
Ricky Martin,4
Emerson Drive,4
N Sync,4
Jason Michael Carroll,4
Omarion,4
Jazmine Sullivan,4
LMFAO,4
"Missy ""Misdemeanor"" Elliott",4
Tyrese,4
Kylie Minogue,4
Kid Cudi,4
Sia,4
Erykah Badu,4
Juvenile,4
Phillip Phillips,4
Terri Clark,4
The Offspring,4
Jennifer Hudson,4
Vertical Horizon,4
Glee Cast Featuring Kristin Chenoweth,4
Bruce Springsteen,4
Marques Houston,4
Scotty McCreery,4
Boys Like Girls,4
Nine Inch Nails,4
Mya,4
Carolyn Dawn Johnson,4
Kip Moore,4
Alessia Cara,4
Ying Yang Twins,4
Weezer,4
LFO,4
Childish Gambino,4
The Black Keys,4
Sara Bareilles,4
Christina Perri,4
Toni Braxton,4
TLC,4
Five For Fighting,4
The Wanted,4
Daddy Yankee,4
Petey Pablo,4
Lil Wayne Featuring Drake,4
Yo Gotti,4
Brandy,4
Travis Tritt,4
Joe Diffie,4
Nick Jonas,4
Kelsea Ballerini,4
Destiny s Child,4
Danity Kane,4
Korn,4
Beyonce Featuring Jay-Z,4
Florence + The Machine,4
India.Arie,4
Zac Efron & Vanessa Anne Hudgens,4
David Nail,4
Pentatonix,4
Chris Stapleton,4
Josh Gracin,4
Lil Bow Wow,4
Javier Colon,4
The Swon Brothers,4
Jana Kramer,4
Jewel,4
Kelly Price,4
Jeremih,4
Glee Cast Featuring Jonathan Groff,4
Jamie O'Neal,4
Matt McAndrew,4
Evanescence,4
Frankie Ballard,3
Big Time Rush,3
Bucky Covington,3
John Michael Montgomery,3
Birdman Featuring Lil Wayne,3
Trick Daddy,3
Theory Of A Deadman,3
Little Mix,3
The Lumineers,3
Tyler Farr,3
Vicci Martinez,3
Soulja Boy Tell'em,3
Mat Kearney,3
Zac Efron And Vanessa Anne Hudgens,3
Muse,3
Craig Wayne Boyd,3
Katharine McPhee,3
Craig David,3
David Bowie,3
Kid Rock,3
Asher Roth,3
Ryan Cabrera,3
Dia Frampton,3
Pitbull Featuring Lil Jon,3
Diamond Rio,3
Gloriana,3
A*Teens,3
Twista,3
Amerie,3
98 Degrees,3
Jay Z  Kanye West,3
Pretty Ricky,3
Bryson Tiller,3
Buckcherry,3
Calvin Harris,3
Gorilla Zoe,3
Juanes,3
M2M,3
Mims,3
Hoobastank,3
Clay Aiken,3
Hinder,3
Uncle Kracker,3
Karmin,3
30 Seconds To Mars,3
Weird Al Yankovic,3
Kehlani,3
Carly Rae Jepsen,3
Christina Grimmie,3
B.o.B,3
Angie Stone,3
Faith Evans,3
Paulina Rubio,3
Heather Headley,3
Ruben Studdard,3
Frankie J,3
Justin Bieber Featuring Usher,3
Tracy Lawrence,3
Keith Anderson,3
Yellowcard,3
Miranda Cosgrove,3
Mike Jones,3
Chase Rice,3
Trisha Yearwood,3
Steve Holy,3
Kodak Black,3
Iyaz,3
Black Eyed Peas,3
BBMak,3
The Game Featuring 50 Cent,3
Tamia,3
The White Stripes,3
Neon Trees,3
R.E.M.,3
Chevelle,3
Lily Allen,3
Zac Efron/Vanessa Anne Hudgens,3
Romeo Santos,3
Jimmy Eat World,3
Brian McKnight,3
T-Pain,3
Jimmy Wayne,3
Luther Vandross,3
Sugar Ray,3
Pat Green,3
Thirty Seconds To Mars,3
Lionel Richie,3
Cascada,3
Tove Lo,3
Jet,3
Parmalee,3
Ingrid Michaelson,3
JoJo,3
Nicky Jam,3
3LW,3
Snow Patrol,3
Jay Z,3
Jon Pardi,3
Mike Posner,3
Fabolous,3
Victorious Cast Featuring Victoria Justice,3
Jessie J,3
Switchfoot,3
Wisin & Yandel,3
D12,3
Young Buck,3
Zayn,3
Jennifer Lopez Featuring Pitbull,3
Godsmack,3
Dan + Shay,3
P.O.D.,3
Kid Ink Featuring Chris Brown,3
Kelly Rowland,3
Eric Paslay,3
Fuel,3
Carl Thomas,3
"DJ Khaled Featuring Drake, Rick Ross & Lil Wayne",3
LL Cool J,3
Alvin And The Chipmunks,3
Vanessa Carlton,3
O-Town,3
Tori Kelly,3
Lee DeWyze,3
Old Dominion,3
Vanessa Hudgens,3
Barenaked Ladies,3
The Weeknd Featuring Daft Punk,2
The Chainsmokers,2
Finger Eleven,2
Future Featuring Drake,2
Lumidee,2
Lil Uzi Vert,2
Josh Kelley,2
Christina Milian,2
Mandy Moore,2
Yankee Grey,2
Daniel Bedingfield,2
Big Punisher Featuring Donell Jones,2
Lloyd,2
Eminem Featuring Rihanna,2
Sade,2
Beck,2
The 1975,2
Modest Mouse,2
Travis Porter,2
AFI,2
Saliva,2
Becky G,2
Echosmith,2
T-Pain Featuring Lil Wayne,2
Rihanna Featuring Drake,2
Ludacris Featuring Shawnna,2
Samantha Mumba,2
Amanda Perez,2
Rihanna Featuring Jay-Z,2
Josh Kaufman,2
LoCash,2
Aaron Carter,2
Melanie Martinez,2
Juvenile Featuring Mannie Fresh,2
Susan Boyle,2
Ronnie Dunn,2
Pitbull Featuring Chris Brown,2
Scarface Featuring Jay-Z & Beanie Sigel,2
Daya,2
Jill Scott,2
Mary Mary,2
Dr. Dre Featuring Snoop Dogg,2
Lupe Fiasco Featuring Matthew Santos,2
T.O.K.,2
PSY,2
Cassie,2
Da Brat Featuring Tyrese,2
High School Musical Cast,2
"Missy ""Misdemeanor"" Elliott Featuring Ludacris",2
Post Malone,2
Skrillex,2
Sean Paul Featuring Keyshia Cole,2
Blu Cantrell,2
Kane Brown,2
Trick Pony,2
Young Money Featuring Lloyd,2
Juliet Simms,2
OK Go,2
Mark Wills,2
WE the Kings,2
Bobby Valentino,2
NB Ridaz Featuring Angelina,2
Buddy Jewell,2
Franz Ferdinand,2
KT Tunstall,2
2 Chainz,2
Pharrell Williams,2
Nick Lachey,2
Kanye West Featuring Adam Levine,2
Future Featuring The Weeknd,2
Lil Wayne Featuring Nicki Minaj,2
Chris Jamison,2
Dido,2
Twista Featuring R. Kelly,2
Usher Featuring Beyonce & Lil Wayne,2
Timbaland Featuring Justin Timberlake,2
Rehab,2
Mystikal,2
Nine Days,2
A Perfect Circle,2
Ja Rule Featuring Ashanti,2
Britney Spears Featuring G-Eazy,2
Jacob Sartorius,2
"""Weird Al"" Yankovic",2
Luis Fonsi,2
Desiigner,2
Fitz And The Tantrums,2
Billy Ray Cyrus,2
The Cheetah Girls,2
Lady GaGa,2
Ty Herndon,2
Lucas Gabreel & Ashley Tisdale,2
Jay Sean Featuring Nicki Minaj,2
Tessanne Chin,2
Iggy Azalea,2
Terror Squad,2
Mariah Carey Featuring Snoop Dogg,2
Gorillaz,2
Fetty Wap Featuring Monty,2
Norah Jones,2
Jay Sean Featuring Lil Wayne,2
Mary J. Blige Featuring Drake,2
Juelz Santana,2
Trapt,2
Natalie,2
Tank,2
The Veronicas,2
Ariana Grande Featuring Big Sean,2
Corinne Bailey Rae,2
Rick Ross,2
Kate Voegele,2
Maddie & Tae,2
Nico & Vinz,2
Melanie Fiona,2
Raheem DeVaughn,2
Kelis,2
Ja Rule Featuring Case,2
Disclosure Featuring Sam Smith,2
The Wreckers,2
Mary J. Blige Featuring The Game & 50 Cent,2
Collin Raye,2
Charlie Wilson,2
New Hollow,2
Sixpence None The Richer,2
Meek Mill Featuring Drake,2
Tupac Featuring The Notorious B.I.G.,2
The Ting Tings,2
Chingy,2
Rich Homie Quan,2
Keane,2
Jonell & Method Man,2
Taylor Hicks,2
Disney's Friends For Change,2
Lukas Graham,2
V.I.C.,2
Snoop Dogg Featuring R. Kelly,2
Lyfe Jennings,2
Will Smith,2
Nicki Minaj Featuring Lil Wayne,2
T.I. Featuring Lil Wayne,2
Sage The Gemini,2
Ricky Martin Featuring Natalia Jimenez,2
Stone Sour,2
David Guetta Featuring Akon,2
Bo Bice,2
Anna Nalick,2
iLoveMemphis,2
will.i.am,2
Brett Young,2
Chase Bryant,2
Lou Bega,2
Dream,2
"Bridgit Mendler, Adam Hicks, Naomi Scott & Hayley Kiyoko",2
Foster The People,2
Paul McCartney,2
Nappy Roots,2
Tyga,2
Calvin Harris Featuring Ellie Goulding,2
Matisyahu,2
2Pac,2
Lil Rob,2
Queens Of The Stone Age,2
Billy Gilman,2
Frankee,2
Anna Kendrick,2
will.i.am Featuring Mick Jagger & Jennifer Lopez,2
Krewella,2
Willow,2
Yeah Yeah Yeahs,2
Blake Lewis,2
Trey Songz Featuring Drake,2
Russ,2
Babyface,2
Justin Bieber Featuring Big Sean,2
DNCE,2
Smash Mouth,2
Gucci Mane,2
Pleasure P,2
D4L,2
Eminem Featuring Sia,2
Seal,2
Michelle Chamuel,2
Josh Groban,2
Justin Bieber Featuring Ludacris,2
Young The Giant,2
Love And Theft,2
Jennifer Lopez Featuring Ja Rule,2
Unk,2
Glee Cast Featuring Lea Michele,2
Troye Sivan,2
Sarah McLachlan,2
Enur Featuring Natasja,2
Lil Wayne Featuring T-Pain,2
Young Jeezy,2
Common,2
Don Omar,2
RBD,2
Joe Jonas,2
Elliott Yamin,2
T-Pain Featuring Chris Brown,2
Ben Folds,2
Clipse,2
"Zac Efron, Andrew Seeley & Vanessa Anne Hudgens",2
Tamar Braxton,2
Plies Featuring Ne-Yo,2
Toya,2
Drake Featuring Rihanna,2
Ciara Featuring Ludacris,2
Christopher Wilde,2
Secondhand Serenade,2
Feist,2
Vitamin C,2
Kacey Musgraves,2
Kelly Rowland Featuring Lil Wayne,2
Third Eye Blind,2
fun.,2
Sundance Head,2
Keri Hilson,2
The Barden Bellas,2
Cee Lo Green,2
Charli XCX,2
Sisqo,2
R. Kelly & Jay-Z,2
Tory Lanez,2
Crime Mob Featuring Lil Scrappy,2
Terry McDermott,2
Dashboard Confessional,2
Bobby Shmurda,2
Zac Efron,2
Depeche Mode,2
K. Michelle,2
Dem Franchize Boyz,2
Filter,2
Ruff Endz,2
Metro Station,2
Patty Loveless,2
A$AP Rocky,2
Huey,2
Owl City,2
MIKA,2
Big Tymers,2
The Red Jumpsuit Apparatus,2
Ashley Parker Angel,2
Relient K,2
Nicky Jam & Enrique Iglesias,2
DJ Luke Nasty,2
Gerald Levert,2
Maren Morris,2
Bridgit Mendler,2
Annie Lennox,2
Death Cab For Cutie,2
Guy,2
Usher Featuring Nicki Minaj,2
Jay-Z Featuring UGK,2
X Ambassadors,2
Ludacris Featuring Shawna,2
Blue October,2
High School Musical 2 Cast,2
The Weeknd Featuring Lana Del Rey,2
Dru Hill,2
Bastille,2
Travis Scott,2
The Smashing Pumpkins,2
Adam Wakefield,2
Dave Hollister,2
Young Money,2
Elephant Man,2
Xenia,2
J. Holiday,2
Rita Ora,2
Shontelle,2
Marsha Ambrosius,2
Cage The Elephant,2
Augustana,2
Trey Songz Featuring Nicki Minaj,2
Christina Aguilera Featuring Nicki Minaj,2
Kanye West Featuring Dwele,2
Gym Class Heroes Featuring Patrick Stump,2
Drake Featuring Nicki Minaj,2
Lil' Flip,2
Counting Crows,2
Chuck Wicks,2
Jordan Pruitt,2
Zara Larsson,2
Halsey,2
Gnarls Barkley,2
Drake Featuring PARTYNEXTDOOR,2
Rachel Platten,2
Ca$h Out,2
Granger Smith,2
Anthony Hamilton,2
Lauren Alaina,2
Steven Tyler,2
Deborah Cox With R.L.,2
Stacie Orrico,2
Swizz Beatz,2
Aaron Tippin,2
Kevin Gates,2
Lucas Grabeel & Ashley Tisdale,2
Kirk Franklin,2
Lasgo,2
Janet Jackson,2
Matt Nathanson,2
Nivea,2
Kandi,2
"Shaggy Featuring Ricardo ""RikRok"" Ducent",2
Skrillex Featuring Sirah,2
The Game,2
Velvet Revolver,2
Alanis Morissette,2
Tweet,2
Glee Cast Featuring Ricky Martin,2
Savage Garden,2
Michael Ray,2
2 Chainz Featuring Lil Wayne,2
Lil' Mo Featuring Fabolous,2
Eminem Featuring Dr. Dre,2
Jay-Z Featuring Beyonce Knowles,1
No Doubt Featuring Bounty Killer,1
E-40 Featuring Keak Da Sneak,1
Chico DeBarge,1
"Jay-Z, Rihanna & Kanye West",1
Miranda Lambert Duet With Carrie Underwood,1
Rakim & Ken-Y,1
French Montana Featuring Jeremih,1
DJ Khaled Featuring Kanye West & T-Pain,1
Changing Faces,1
Blu Cantrell Featuring Sean Paul,1
The Weeknd Featuring Kendrick Lamar,1
Brian McKnight Featuring Jermaine Dupri,1
"Rick Ross Featuring Kanye West, T-Pain, Lil' Wayne",1
Kristinia DeBarge,1
Kenny Rogers With Alison Krauss & Billy Dean,1
M.I.A. & A R Rahman,1
Randy Travis,1
Plies Featuring Jamie Foxx & The-Dream,1
Drake Featuring Trey Songz,1
Westside Connection Featuring Nate Dogg,1
Diddy - Dirty Money Featuring Skylar Grey,1
2 Chainz Featuring Drake,1
Natalie Featuring Baby Bash,1
Pitbull & Ne-Yo,1
Lil  Kim,1
Demi Lovato Featuring Jonas Brothers,1
Diddy Featuring Nicole Scherzinger,1
Maroon 5 Featuring Rihanna,1
"Cam'ron Featuring Juelz Santana, Freekey Zekey & Toya",1
Kanye West & Jay-Z,1
Young Greatness,1
Snoop Dogg Featuring The-Dream,1
will.i.am Featuring Miley Cyrus,1
T.I. Featuring Justin Timberlake,1
Carrie Underwood Featuring Randy Travis,1
Zac Brown Band Featuring Jimmy Buffett,1
T.I. Featuring Young Thug,1
Brooks & Dunn Featuring Reba McEntire,1
Ciara Featuring Justin Timberlake,1
Mark Chesnutt,1
Mobb Deep Featuring Vita & Noyd,1
Glee Cast Featuring Lea Michele & Cory Monteith,1
Rick Ross Featuring Chris Brown,1
French Montana Featuring Drake,1
"Lil Wayne, Wiz Khalifa & Imagine Dragons With Logic & Ty Dolla $ign Feat. X Ambassadors",1
Paula Abdul,1
Enrique Iglesias Featuring Pitbull & The WAV.s,1
Diggy Featuring Jeremih,1
Mos Def & Pharoahe Monch Featuring Nate Dogg,1
Mary J. Blige And U2,1
Nu Flavor,1
Beyonce & Shakira,1
Shwayze,1
"YG Featuring Tyga, Snoopd Dogg & Nipsey Hussle",1
Pitbull Featuring Ke$ha,1
Kimberly Nichole,1
Game,1
'N Sync Featuring Nelly,1
"N.O.R.E., GemStar, Big Mato, Nina Sky & Daddy Yankee",1
"DJ Khaled Feat. Akon, Plies, Young Jeezy, Rick Ross, Ace Hood, Trick Daddy & Lil' Boosie",1
B.o.B Featuring Eminem & Haley Williams,1
Keyshia Cole Introducing Amina,1
Barrett Baber,1
Dr. Dre Featuring Eminem,1
"Fat Joe, Remy Ma & Jay Z Featuring French Montana & Infared",1
Ayo & Teo,1
"Jay-Z, Bono, The Edge & Rihanna",1
Shakira Featuring Lil Wayne,1
Clint Black,1
Young Jeezy Featuring Ne-Yo,1
Walk The Moon,1
Aaron Lewis Of Staind With Fred Durst,1
Rihanna Featuring Slash,1
Mariah Carey Featuring Nicki Minaj,1
Troop 41,1
Young Jeezy Featuring Akon,1
Mana Featuring Prince Royce,1
Blake Shelton Featuring Gwen Sebastian,1
Glen Campbell,1
Zayn / Taylor Swift,1
Cast Of Rent,1
Kygo Featuring Conrad,1
Bobby Brackins Featuring Ray J,1
"DJ Drama Featuring Chris Brown, Skeme & Lyquin",1
Lil Wayne Featuring Gudda,1
Hurricane Chris Featuring Superstarr,1
Mariah Carey Featuring YG,1
Grouplove,1
Jay Z  Kanye West Featuring Otis Redding,1
10 Years,1
Selena Gomez & Demi Lovato,1
Yo Gotti Featuring Jeezy & YG,1
"Dem Franchize Boyz Featuring Jermaine Dupri, Da Brat & Bow Wow",1
Skrillex & Diplo With Justin Bieber,1
WC Featuring Nate Dogg,1
Empire Cast Featuring Jussie Smollett,1
Musiq Soulchild Featuring Ayana Of Aaries,1
"DJ Khaled Featuring T.I. Akon, Rick Ross, Fat Joe. Lil' Wayne & Baby",1
Nas Featuring Keri Hilson,1
Usher Featurnig Beyonce & Lil Wayne,1
"DJ Drama Featuring Wale, Tyga & Roscoe Dash",1
B.o.B Featuring Lil Wayne,1
Drake Featuring Jay Z,1
YG Featuring Jeezy & Rich Homie Quan,1
Kelly Osbourne,1
Ricky Martin Featuring La Mari,1
Calvin Harris Featuring Rihanna,1
Chris Brown Featuring Nicki Minaj,1
Mike WiLL Made-It x Rihanna,1
J-Kwon,1
"Fat Joe, Remy Ma & JAY Z Featuring French Montana & Infared",1
Mitchel Musso,1
Cassidy Featuring Swizz Beatz,1
Sammie,1
Jason Derulo Featuring 2 Chainz,1
Mason Betha,1
will.i.am Featuring Britney Spears,1
The Dirty Heads Featuring Rome,1
Amy Winehouse,1
"Irv Gotti Presents The INC. Featuring Ja Rule, Ashanti, Charli Baltimore & Vita",1
Phoenix,1
Darude,1
Xzibit,1
T.I. Featuring Keri Hilson,1
Kanye West Featuring Lil Wayne,1
August Alsina & Trinidad James,1
Lil' Kim,1
Glee Cast Featuring Chris Colfer & Amber Riley,1
Tim McGraw With Faith Hill,1
Missy Elliott Featuring Ciara & Fat Man Scoop,1
Yolanda Be Cool & Dcup,1
"Lil' Wayne Featuring Baby, Mack 10 & Mickey",1
T-Pain Featuring Akon,1
Diddy - Dirty Money Featuring T.I.,1
Gym Class Heroes,1
2 Chainz Featuring Kanye West,1
P!nk Featuring Lily Allen,1
Charlie Puth Featuring Selena Gomez,1
Justin Bieber Featuring Chance The Rapper,1
Young Jeezy Featuring Plies,1
D12 Featuring Eminem,1
Alisan Porter,1
J. Cole Featuring Missy Elliott,1
Boyz N Da Hood,1
Usher Featuring Ludacris & Lil Jon,1
Lil  Wayne Featuring Juvenile,1
Trey Songz Featuring Fabolous,1
A$AP Rocky Featuring Skrillex & Birdy Nam Nam,1
Mis-Teeq,1
New Boyz Featuring Iyaz,1
INXS,1
Major Lazer Featuring Ellie Goulding & Tarrus Riley,1
Scotty Emerick With Toby Keith,1
Method Man & Redman,1
will.i.am & Nicki Minaj,1
PSY Featuring CL,1
Trick Daddy Featuring LaTocha Scott,1
Shakira Featuring El Cata or Dizzee Rascal,1
Christina Aguilera & Beverly McClellan,1
P. Diddy Featuring The Neptunes,1
Carly Rae Jepsen Featuring Nicki Minaj,1
R. Kelly Featuring Jay-Z,1
Juicy J Featuring Big Sean And Young Jeezy,1
Duck Sauce,1
Travis Porter Featuring Tyga,1
The Game Featuring Junior Reid,1
Pitbull Featuring Jennifer Lopez & Claudia Leitte,1
Zara Larsson & MNEK,1
Nick Jonas & Nicki Minaj,1
Sugarland Featuring Little Big Town & Jake Owen,1
E-40 Featuring T-Pain & Kandi Girl,1
Jay Sean Featuring Pitbull,1
YG Featuring Drake,1
Kanye West Featuring Paul McCartney,1
"Kevin Rudolf Featuring Birdman, Jay Sean, & Lil Wayne",1
Beyonce Featuring Drake,1
The Neighbourhood,1
Hugh Laurie,1
George Ezra,1
Rihanna Featuring Mikky Ekko,1
Wale Featuring Jeremih & Rick Ross,1
Zay Hilfigerrr & Zayion McCall,1
Jibbs,1
Fabolous Featuring Mike Shorey,1
Shakira Featuring Maluma,1
Vanessa Anne Hudgens,1
Styles,1
Eminem Featuring Kobe,1
50 Cent Featuring Nate Dogg,1
Bow Wow Featuring Lil Wayne,1
Kenny Chesney Featuring Grace Potter,1
Shyne Featuring Barrington Levy,1
A Great Big World & Christina Aguilera,1
New Boyz,1
David Ball,1
Joe Budden,1
Rebecca Lynn Howard,1
Lloyd Featuring Andre 3000 & Lil Wayne,1
Shwayze Featuring Cisco Adler,1
K-Ci & JoJo,1
Jill Scott Featuring Anthony Hamilton,1
Usher And Alicia Keys,1
Olly Murs Featuring Flo Rida,1
Jennifer Lopez Featuring Nas,1
XXXTENTACION,1
September,1
"P. Diddy, Black Rob & Mark Curry",1
The Chainsmokers Featuring Rozes,1
Cham,1
Sam Adams,1
French Montana,1
Josh Groban & The African Children's Choir,1
Emeli Sande,1
Game Featuring Lil Wayne,1
Robin Thicke Featuring T.I. & Pharrell,1
Ludacris Featuring Nate Dogg,1
Lea Michele,1
OutKast Featuring Killer Mike,1
Hot Chelle Rae,1
DJ Sammy & Yanou Featuring Do,1
Killer Mike Featuring Big Boi,1
Puff Daddy Featuring R. Kelly,1
Andrew Seeley,1
Black Rob,1
Xzibit Featuring Keri Hilson,1
Fetty Wap Featuring Remy Boyz,1
Mike Jones Featuring Slim Thug & Paul Wall,1
JC Chasez,1
Lil Wayne Featuring Rick Ross,1
Justin Bieber Featuring Travi$ Scott,1
Hanson,1
John Mellencamp,1
Amber Carrington,1
Lil  Mo,1
Ella Henderson,1
Nick Jonas Featuring Tove Lo,1
Public Announcement,1
Wiz Khalifa Featuring Charlie Puth,1
iio,1
Lil Wayne & Charlie Puth,1
Modjo,1
Ariana Grande & The Weeknd,1
Jessica Simpson Featuring Nick Lachey,1
Rihanna Featuring Ne-Yo,1
Amy Winehouse Featuring Ghostface Killah,1
Olivia O'Brien,1
Ja Rule Featuring R. Kelly & Ashanti,1
Young Jeezy Featuring 2 Chainz,1
Chad Kroeger Featuring Josey Scott,1
Jacquie Lee,1
General Larry Platt,1
Rixton,1
Liz Phair,1
American Idol Top 8,1
T-Pain Featuring Mike Jones,1
Hurricane Chris,1
Katy Perry Featuring Juicy J,1
Leslie Carter,1
Pitbull Featuring Marc Anthony,1
Taylor Swift Featuring Kendrick Lamar,1
Five Finger Death Punch,1
Lil' Boosie Featuring Yung Joc,1
Kenny Chesney & Tim McGraw,1
PARTYNEXTDOOR,1
Toni Braxton Featuring Loon,1
Ja Rule Featuring Fat Joe & Jadakiss,1
Anya Marina,1
MercyMe,1
Glee Cast Featuring 2Cellos,1
DJ Laz Featuring Flo Rida & Casely,1
Nirvana,1
The Pussycat Dolls Featuring Timbaland,1
Flume Featuring Tove Lo,1
Empire Of The Sun,1
Beenie Man,1
Logic,1
Bow Wow Featuring Ciara,1
Tim McGraw With Catherine Dunn,1
Cartel,1
Eamon,1
Bjork,1
Calvin Harris Featuring Florence Welch,1
Meghan Linsey,1
Ludacris Featuring Usher & David Guetta,1
Snoop Dogg Featuring T-Pain,1
(+44),1
Niall Horan,1
"Lil Wayne, Birdman, Future, Mack Maine, Nicki Minaj",1
Tamar,1
Mary J. Blige Featuring Method Man,1
Keith Urban Featuring Eric Church,1
Ja Rule Featuring Christina Milian,1
Sara Ramirez,1
Zedd Featuring Selena Gomez,1
Idina Menzel,1
A$AP Ferg Featuring Future,1
Lady Gaga Featuring R. Kelly,1
Bubba Sparxxx,1
Kenny Rogers,1
B.o.B Featuring Bruno Mars,1
David Guetta Featuring Kid Cudi,1
Yo Gotti Featuring Lil Wayne,1
Kiley Dean,1
Paula DeAnda Featuring Baby Bash,1
gnash Featuring Olivia O'Brien,1
112 Featuring Ludacris,1
Ja Rule Featuring Bobby Brown,1
Afrojack Featuring Chris Brown,1
Fifth Harmony Featuring Fetty Wap,1
Gucci Mane Featuring Drake,1
M.V.P. (Most Valuable Playas) Featuring Stagga Lee,1
Sister Hazel,1
"Kanye West Featuring Teyana Taylor, Nicki Minaj & Bon Iver",1
Blake Shelton Featuring Ashley Monroe,1
Lil  Kim Featuring Sisqo,1
Fabolous Featuring Ne-Yo,1
JoJo Featuring Bow Wow,1
Orianthi,1
Enrique Iglesias Wtih Usher Featuring Lil Wayne,1
Lloyd Banks Featuring Juelz Santana,1
Jadakiss Featuring Mariah Carey,1
Tool,1
Dr. Dre Featuring Eminem & Skylar Grey,1
Drake Featuring T.I. & Swizz Beatz,1
Jermaine Dupri & Ludacris,1
Kanye West Featuring DJ Khaled,1
Chris Brown Featuring Benny Benassi,1
Janet Duet With Nelly,1
Funkmaster Flex Featuring DMX,1
Alicia Keys Featuring Tony! Toni! Tone!,1
John Newman,1
Lil Mama Featuring Chris Brown & T-Pain,1
Gorillaz/De La Soul,1
Trillville Featuring Cutty,1
Michael Cera & Ellen Page,1
IMx,1
The Lonely Island,1
PIKOTARO,1
Brown Boy,1
Moby Featuring Gwen Stefani,1
Our Lady Peace,1
"Nelly, P. Diddy & Murphy Lee",1
Bow Wow Or R. Kelly (Featuring T.I. & T-Pain),1
Amine,1
Tyga Featuring Nicki Minaj,1
Ideal Featuring Lil  Mo,1
A Boogie Wit da Hoodie Featuring DJ SPINKING,1
Rihanna Featuring Calvin Harris,1
G-Eazy Featuring Marc E. Bassy,1
Lumidee Featuring Tony Sunshine,1
Zendaya,1
Steel Magnolia,1
Ariana Grande Featuring Future,1
Paris Hilton,1
"Common Featuring Mary J. Blige Or Erykah Badu, Pharrell & Q-Tip",1
Kanye West  Jay-Z  Big Sean,1
Busta Rhymes Featuring Ron Browz,1
Buck 22 Featuring Billy Ray Cyrus,1
Tony Yayo Featuring 50 Cent,1
Bow Wow Featuring T-Pain & Johnta Austin,1
Antoine Dodson & The Gregory Brothers Featuring Kelly Dodson,1
"DJ Felli Fel Featuring Diddy, Akon, Ludacris & Lil Jon",1
Lindsey Stirling,1
Eminem Featuring Pink,1
CL,1
Whitney Houston & Deborah Cox,1
Nicholas David,1
Tupac With Eminem Featuring The Outlawz,1
Michael Jackson With Akon,1
Flo Rida Featuring Nelly Furtado,1
Beanie Sigel & Freeway,1
Nat King Cole,1
Clipse Featuring Faith Evans,1
Lil' Wayne,1
Mr. Vegas,1
Keyshia Cole Featuring Shyne,1
Young Jeezy Featuring Kanye West,1
Piko-Taro,1
Ace Hood Featuring Future & Rick Ross,1
Profyle,1
Ideal,1
Rick Ross Featuring Lil Wayne Or T.I.,1
Carlos Vives & Shakira,1
"A$AP Rocky Featuring Drake, 2 Chainz & Kendrick Lamar",1
Ace Hood Featuring Chris Brown,1
"Eminem, 50 Cent, Lloyd Banks & Cashis",1
Fabolous Featuring Jermaine Dupri,1
Nelly Featuring T-Pain & Akon,1
Rick Ross Featuring JAY Z,1
Ciara Featuring Young Jeezy,1
Birdman Featuring Nicki Minaj & Lil Wayne,1
Jennifer Lopez Featuring Fat Joe,1
"P. Diddy & Ginuwine Featuring Loon, Mario Winans & Tammy Ruggeri",1
Pia Mia Featuring Chris Brown & Tyga,1
Flume Featuring Kai,1
Juvenile Featuring Soulja Slim,1
"Nicki Minaj Featuring Drake, Lil Wayne & Chris Brown",1
Da Brat Featuring Cherish,1
Eve Featuring Gwen Stefani,1
Bad Meets Evil Featuring Bruno Mars,1
Fort Minor Featuring Styles Of Beyond,1
LMFAO Featuring Lauren Bennett & GoonRock,1
Martin Garrix,1
Hurricane Chris Featuring Big Poppa,1
Nelly Featuring City Spud,1
Kid Cudi Featuring Cee-Lo,1
Howie Day,1
Iggy Azalea Featuring Charli XCX,1
Sia Featuring Kendrick Lamar,1
T.I. Featuring Swizz Beatz,1
Jamie Foxx Featuring Ludacris,1
Katy Perry Featuring Skip Marley,1
The Clipse,1
Chris Brown Featuring Justin Bieber,1
Hot Boys,1
Dorrough,1
Kanye West Featuring Chris Martin,1
New Boyz Featuring Ray J,1
Drake Featuring The Weeknd,1
"Christina Aguilera, Lil' Kim, Mya & Pink",1
Anais,1
Fat Joe & Remy Ma Featuring French Montana & Infared,1
"Kanye West, Jay-Z, Big Sean",1
Lil Jon & The East Side Boyz Featuring Lil Scrappy,1
David Banner Featuring Lil' Flip,1
The Game Featuring Drake,1
Timbaland Featuring Keri Hilson,1
Chris Brown Featuring Usher & Gucci Mane,1
Bebe Rexha,1
DJ Khaled Featuring Kanye West & Rick Ross,1
"B.G. Featuring Baby, Turk, Mannie Fresh, Juvenile & Lil' Wayne",1
Kiiara,1
Blake Shelton & Dia Frampton,1
Angel City Featuring Lara McAllen,1
Rihanna Featuring Future,1
Bobby Valentino Featuring Yung Joc,1
Young Gunz Featuring Rell,1
The Rolling Stones,1
Young Thug And Travis Scott Featuring Quavo,1
Danielle Bradberry,1
Justin Timberlake & Matt Morris Featuring Charlie Sexton,1
B.o.B Featuring 2 Chainz,1
"DJ Laz Featuring Flo Rida, Casely & Pitbull",1
Soulja Boy Tell'em Featuring Arab,1
Fabolous Feat. Chris Brown,1
Jay Z Featuring Beyonce,1
Kid Ink Featuring Usher & Tinashe,1
"Meek Mill Featuring T.I., Birdman, Lil Wayne, DJ Khaled, Rick Ross & Swizz Beatz",1
KONGOS,1
Big Sean Featuring Lil Wayne & Jhene Aiko,1
DeJ Loaf Featuring Big Sean,1
Oakenfold Featuring Shifty Shellshock,1
Stagga Lee,1
Rick Ross Featuring Drake & French Montana,1
Lupe Fiasco Featuring Ed Sheeran,1
David Guetta & Chris Willis,1
iHeartMemphis,1
Ludacris Featuring Bobby Valentino,1
Marian Hill,1
Birdman & Lil Wayne,1
Taio Cruz Featuring Ludacris,1
Afrojack Featuring Wrabel,1
Maino Featuring T-Pain,1
Bow Wow Featuring Johnta Austin,1
Blake Shelton Featuring Trace Adkins,1
3OH!3 Featuring Katy Perry,1
Francesca Battistelli,1
Amber,1
Calvin Harris & Disciples,1
Maroon 5 Featuring Christina Aguilera,1
Chris Brown & Tyga,1
David Guetta Featuring Nicki Minaj & Afrojack,1
Jay-Z Featuring Memphis Bleek,1
"Ross Lynch, Grace Phipps And Jason Evigan",1
Kevon Edmonds,1
Nelly Featuring Ashanti & Akon,1
The Chainsmokers Featuring XYLO,1
Bandit Gang Marco Featuring Dro,1
Lifehouse Featuring Natasha Bedingfield,1
Snow Patrol Featuring Martha Wainwright,1
Grace Potter & The Nocturnals,1
MAGIC!,1
John Legend Featuring Andre 3000,1
Don Omar & Lucenzo,1
"DJ Khaled Featuring Chris Brown, August Alsina, Future & Jeremih",1
Omarion Featuring Gucci MAne,1
Rihanna Featuring Chris Brown,1
Flo Rida Featuring Ne-Yo,1
Fat Joe & Remy Ma Featuring French Montana,1
Bilal,1
Cobra Starship Featuring Leighton Meester,1
Rocko,1
Ying Yang Twins Featuring Trick Daddy,1
Plies Featuring Akon,1
"DJ Khaled Featuring Chris Brown, Lil Wayne & Big Sean",1
Galantis,1
Taio Cruz Featuring Ke$ha,1
Lil Wayne Featuring Juelz Santana & Fabolous,1
Panic! At The Disco Featuring LoLo,1
O.T. Genasis Featuring Young Dolph,1
Wale Featuring Meek Mill & Rick Ross,1
Ice Cube,1
Christina Milian Featuring Young Jeezy,1
50 Cent Featuring Eminem & Adam Levine,1
Starley,1
"N.O.R.E., GemStar, Big Mato, Nina Sky & Tego Calderon",1
Willie Nelson,1
Chris Jamison & Adam Levine,1
Jordan Smith & Adam Levine,1
Sean Paul Feat. Keyshia Cole,1
Naughty By Nature Featuring 3LW,1
Ice Cube Featuring Mack 10,1
Jordin Sparks Duet With Chris Brown,1
Aaron Lewis Featuring George Jones & Charlie Daniels,1
Birdman Featuring Drake & Lil Wayne,1
Bobby Pinson,1
Snoop Dogg Featuring Charlie Wilson & Justin Timberlake,1
Mariah Carey Featuring Joe,1
Enrique Iglesias Featuring Romeo Santos,1
WALK THE MOON,1
Pharrell Featuring Kanye West,1
Angels & Airwaves,1
Brooke White,1
Sleepy Brown Featuring OutKast,1
Robbie Williams,1
Jason Mraz Featuring Colbie Caillat,1
M83.,1
A Boogie Wit da Hoodie,1
Pink Featuring William Orbit,1
Emily Ann Roberts,1
Rae Sremmurd Featuring Gucci Mane,1
Labrinth Featuring Emeli Sande,1
"Kanye West, R. Kelly",1
Jim Jones & Ron Browz Featuring Juelz Santana,1
Jessica Andrews,1
Serj Tankian,1
Ja Rule Featuring Lil' Mo & Vita,1
Charice,1
Migos Featuring DJ Khaled,1
Da Brat,1
Iggy Azalea Featuring Rita Ora,1
Fort Minor Featuring Holly Brook & Jonah Matranga,1
Koffee Brown,1
"DJ Khaled Featuring T.I. Akon, Rick Ross, Fat Joe. Lil' Wayne, Baby",1
James Otto,1
Blue County,1
Fall Out Boy Featuring John Mayer,1
"DJ Khaled Featuring Nicki Minaj, Chris Brown, August Alsina, Jeremih, Future & Rick Ross",1
Dante Thomas Featuring Pras,1
Shiny Toy Guns,1
Timbaland Featuring Nelly Furtado & SoShy,1
Belly Featuring The Weeknd,1
The Isley Brothers Featuring Ronald Isley AKA Mr. Biggs,1
2Pac + Outlawz,1
American Authors,1
YG X Jeezy X Rich Homie Quan,1
Shaggy Featuring Rayvon,1
Boomkat,1
Juicy J Featuring Wale & Trey Songz,1
Lee Ann Womack With Sons Of The Desert,1
Lady Gaga Featuring Beyonce,1
Rae Sremmurd Featuring Nicki Minaj & Young Thug,1
Keri Hilson Featuring Lil Wayne,1
New Edition,1
Fragma,1
Jay-Z + Mr. Hudson,1
Jennifer Lopez Featuring Big Pun,1
Floetry,1
Elvis Presley Vs JXL,1
Ariana Grande & John Legend,1
Curren$Y Featuring August Alsina & Lil Wayne,1
Nicole Scherzinger,1
Naughty Boy Featuring Beyonce & Arrow Benjamin,1
Bone Thugs-N-Harmony Featuring Akon,1
Faith Evans Featuring Carl Thomas,1
American Idol Finalists Season 4,1
Nivea Featuring Brian & Brandon Casey,1
Santana Featuring Chad Kroeger,1
50 Cent Featuring Dr. Dre & Alicia Keys,1
Ylvis,1
OutKast Featuring Sleepy Brown,1
Flyleaf,1
"DJ Khaled Featuring Chris Brown, Rick Ross, Nicki Minaj & Lil Wayne",1
Freak Nasty Featuring Crazy Mike,1
Fast Life Yungstaz (F.L.Y.),1
Bobby Helms,1
TRUSTcompany,1
Kendrick Lamar Featuring Bilal. Anna Wise & Thundercat,1
Eve 6,1
"Three 6 Mafia Featuring Project Pat, Young D & Superpower",1
Kevin Gates Featuring August Alsina,1
"Juvenile, Wacko & Skip",1
Mary Lambert,1
Kenny Chesney Duet With George Strait,1
The Pussycat Dolls Featuring will.i.am,1
Sam Palladio & Clare Bowen,1
Nelly & Christina Aguilera,1
"Nelly Featuring Paul Wall, Ali & Gipp",1
Dove Cameron,1
Melissa Lawson,1
Plies Featuring Ashanti,1
Redman Featuring DJ Kool,1
Sage The Gemini Featuring IamSu!,1
Soulja Boy,1
Hitman Sammy Sam,1
All Star Tribute,1
Chris Young Duet With Cassadee Pope,1
Jennifer Lopez Featuring Iggy Azalea Or Pitbull,1
Everclear,1
The Last Goodnight,1
Mary J. Blige Featuring Ja Rule,1
Ludacris Co-Starring Lil Wayne,1
Mr. Cheeks,1
The Pussycat Dolls Featuring Snoop Dogg,1
Alejandro Sanz,1
Kid Ink Featuring Fetty Wap,1
Ginuwine Featuring Baby,1
2Gether,1
Jessie J Featuring B.o.B,1
Ke$ha Featuring will.i.am or Juicy J,1
Remy Shand,1
Corey Featuring Lil' Romeo,1
Miranda Cosgrove Featuring Drake Bell,1
New Found Glory,1
Jermaine Dupri Featuring Nate Dogg,1
YG Featuring Drake & Kamaiyah,1
Amanda,1
Fabolous Featuring Nate Dogg,1
Keith Urban And Miranda Lambert,1
Adam Levine & Javier Colon,1
John Mayer Trio,1
Fat Joe Featuring R. Kelly,1
Akon Featuring Colby O'Donis & Kardinal Offishall,1
Lil Jon Featuring 3OH!3,1
Nicki Minaj Featuring Drake,1
Gwen Stefani Featuring Eve,1
Nelly Featuring Jung Tru & King Jacob,1
Snoop Dogg Featuring Tyrese & Mr. Tan,1
Teena Marie Featuring Baby,1
Britney Spears Featuring Madonna,1
Lloyd Banks,1
Three 6 Mafia Vs. Tiesto With Sean Kingston & Flo Rida,1
Lana Del Rey & Cedric Gervais,1
Sarina Paris,1
Cobra Starship,1
2 Pistols Featuring T-Pain & Tay Dizm,1
Wale Featuring Kid Cudi,1
D'Angelo Featuring Method Man And Redman,1
Diddy Featuring Christina Aguilera,1
The Mars Volta,1
Erick Sermon Featuring Marvin Gaye,1
Trick-Trick Featuring Eminem,1
Demi Lovato Featuring Cher Lloyd,1
Glee Cast Featuring Mark Salling,1
Celine Dion & Josh Groban,1
Ariana Grande Featuring Iggy Azalea,1
Sia Featuring Sean Paul,1
Jason Derulo Featuring Snoop Dogg,1
Jason DeRulo,1
ScHoolboy Q Featuring BJ The Chicago Kid,1
Default,1
Cassidy Featuring Mashonda,1
"Jessie J, Ariana Grande & Nicki Minaj",1
Wham!,1
Jeremih Featuring YG,1
Omarion Featuring Gucci Mane,1
DMX Featuring Sisqo,1
Talib Kweli,1
August Alsina,1
Aerosmith,1
The Lonely Island Featuring Nicki Minaj,1
Shakira Featuring El Cata,1
Zedd & Alessia Cara,1
Big Sean Featuring Eminem,1
Sevyn Streeter Featuring Chris Brown,1
Alan Walker,1
Brad Paisley Featuring LL Cool J,1
Jack White & Alicia Keys,1
Iggy Azalea Featuring M0,1
Chingy Featuring Jermaine Dupri,1
Kiesza,1
Rebecca Black & Dave Days,1
"Macklemore & Ryan Lewis Featuring Eric Nally, Melle Mel, Kool Moe Dee & Grandmaster Caz",1
Dua Lipa,1
T-Pain Featuring Wiz Khalifa & Lily Allen,1
Justin Timberlake Featuring T.I.,1
Enrique Iglesias With Usher Featuring Lil Wayne,1
DJ Khaled Featuring JAY Z & Future,1
The Clark Family Experience,1
Nicki Minaj Featuring Eminem,1
Oasis,1
Lil Jon Featuring E-40 & Sean Paul Of The YoungBloodZ,1
KCamp Featuring 2 Chainz,1
Spectacular! Cast,1
I Prevail,1
Enrique Iglesias Featuring Marco Antonio Solis,1
Rupee,1
Hit Masters,1
Cashmere Cat Featuring Ariana Grande,1
Dilated Peoples Featuring Kanye West,1
David Guetta Featuring Nicki Minaj,1
Chris Brown Featuring Lil Wayne & French Montana Or Too $hort,1
Bone Crusher Featuring Killer Mike & T.I.,1
Eve Featuring Alicia Keys,1
Fun. Featuring Janelle Monae,1
Jay-Z Featuring R. Kelly,1
Remy Ma,1
"Missy ""Misdemeanor"" Elliott Featuring NAS, EVE",1
Young Money Featuring Drake,1
Marc Nelson,1
Tyga Featuring Rick Ross,1
Bella Thorne & Zendaya,1
Swedish House Mafia Feat. John Martin,1
DAY26,1
"DJ Khaled Featuring Chris Brown, August Alsina, Future, & Jeremih",1
Future Featuring Kanye West,1
Tom Petty,1
The Chainsmokers Featuring Halsey,1
"Tyga Featuring Cedric Gervais, Wiz Khalifa & Mally Mall",1
Sting Featuring Cheb Mami,1
Silento,1
Jack & Jack,1
B.o.B Featuring Rivers Cuomo,1
Ciara Featuring Nicki Minaj,1
T-Pain Featuring Joey Galaxy,1
Damien,1
City High,1
Madi Davis,1
Eazy-E,1
Katy Perry Featuring Snoop Dogg,1
"DJ Khaled Featuring T-Pain, Ludacris, Snoop Dogg & Rick Ross",1
Ludacris Featuring Kelly Rowland,1
Monica Featuring Dem Franchize Boyz,1
"P. Diddy & Ginuwine Featuring Loon, Mario Winans & Tammy Ruggieri",1
Lil Dicky Featuring Fetty Wap & Rich Homie Quan,1
James Bay,1
Korn Featuring Amy Lee,1
Baby Bash Featuring Sean Kingston,1
Timbaland & Magoo Featuring Missy Elliott,1
Sean Kingston & Justin Bieber,1
Twista Featuring Kanye West & Jamie Foxx,1
Kanye West Featuring Jamie Foxx,1
R. Kelly Or Bow Wow (Featuring T.I. & T-Pain),1
Son By Four,1
B.o.B Featuring Andre 3000,1
Nelly Furtado Featuring Timbaland,1
Jamie Foxx Featuring Twista,1
Flo Rida Featuring Ke$ha,1
Snoop Dogg Presents Tha Eastsidaz Featuring Jayo Felony And Blaqthoven,1
Nicki Minaj X Mike WiLL Made-It,1
NewSong,1
Arctic Monkeys,1
Cher Lloyd,1
Frankie J Featuring Baby Bash,1
The Chainsmokers Featuring Phoebe Ryan,1
Action Bronson Featuring Chance The Rapper,1
Akon Featuring Styles P.,1
Outasight,1
Landon Pigg,1
Passion Pit,1
Sheppard,1
Live,1
Twista Featuring Erika Shevon,1
Snoop Dogg Featuring Pharrell,1
The Pack,1
"Rich Gang Featuring Lil Wayne, Birdman, Future, Mack Maine, Nicki Minaj",1
Kem,1
Drake Featuring Future,1
Isyss,1
Of Monsters And Men,1
Ruth B,1
"Kid Ink, Tyga, Wale, YG & Rich Homie Quan",1
Ricky Martin Featuring Fat Joe & Amerie,1
Bow Wow Featuring Omarion,1
Chris Brown Featuring Plies,1
Meek Mill Featuring Chris Brown & Nicki Minaj,1
Brad Paisley Featuring Dolly Parton,1
Ryan Duarte,1
Lil Wayne Featuring Bobby Valentino & Kidd Kidd,1
Elle King,1
Busta Rhymes Featuring Linkin Park,1
Three 6 Mafia,1
Migos Featuring Travis Scott,1
"Eminem, Dr. Dre & 50 Cent",1
Glee Cast Featuring Amber Riley,1
Ray J & Yung Berg,1
Justin Bieber Featuring Halsey,1
Sean Kingston Featuring Elan & Juelz Santana,1
Nicki Minaj Featuring Skylar Grey,1
Playaz Circle Featuring Lil Wayne,1
Florida Georgia Line Featuring Luke Bryan,1
Radiohead,1
Selena Gomez Featuring A$AP Rocky,1
Ariana Grande Featuring Nathan Sykes,1
Nicki Minaj Featuring Drake & Lil Wayne,1
Neal McCoy,1
Chingy Featuring Ludacris & Snoop Dogg,1
ATC,1
Rick Ross Featuring John Legend,1
Estelle Featuring Kanye West,1
Jim Jones,1
J Balvin,1
Tim McGraw & Taylor Swift,1
Jo Dee Messina With Tim McGraw,1
Rise Against,1
Hozier,1
QB Finest Featuring Nas And Braveheart's,1
Andy Williams,1
Sean Paul Featuring Sasha,1
Hurricane Chris Featuring SupaSTAAR,1
Michael Stipe,1
Damizza Presents Shade Sheist Featuring Nate Dogg,1
"Drake Featuring Kanye West, Lil Wayne & Eminem",1
Obie Trice,1
Shakira Feat. Alejandro Sanz,1
Dae Dae,1
Emblem3,1
A Thousand Horses,1
"Missy ""Misdemeanor"" Elliott Featuring Ginuwine & Tweet",1
Snoop Dogg & Wiz Khalifa Featuring Bruno Mars,1
Bonecrusher Featuring Killer Mike & T.I.,1
Afroman,1
Avant Featuring Ketara Wyatt,1
Hannah Montana Featuring Iyaz,1
Auli'i Cravalho,1
Corbin Bleu And Lucas Grabeel,1
Pitbull Featuring Akon,1
Big Sean Featuring Wiz Khalifa,1
Tinie Tempah Featuring Wiz Khalifa,1
Lil Wayne Featuring Jay-Z,1
Ghost Town DJ's,1
Deborah Cox,1
Nelly Featuring Akon & Ashanti,1
David Lee Murphy,1
2Pac Featuring Nate Dogg,1
Wiz Khalifa Featuring Akon,1
Calvin Harris Featuring John Newman,1
Ariana Grande Featuring Mac Miller,1
Zedd & Kesha,1
Prince Royce,1
Jay Z Featuring Justin Timberlake,1
How I Became The Bomb,1
Kid Rock Featuring Sheryl Crow Or Allison Moorer,1
k.d. lang,1
Candice Glover,1
AJR,1
Trinidad James,1
YC Featuring Future,1
Blake Shelton Featuring Pistol Annies & Friends,1
Rick Ross Featuring Styles P,1
Ty Dolla $ign Featuring E-40,1
My Darkest Days Featuring Zakk Wylde,1
All Time Low,1
The Chainsmokers Featuring ROZES,1
Avril Lavigne Featuring Chad Kroeger,1
Cher,1
Post Malone Featuring Quavo,1
Tegan And Sara,1
Santana Featuring The Product G,1
Ice Cube Featuring Mack 10 & Ms. Toi,1
Fat Joe Featuring Chris Brown,1
Mr. C The Slide Man,1
Cash Money Millionaires,1
Jade Anderson,1
Chance The Rapper,1
Chris Brown Featuring Lil Wayne & French Montana Or Too $hort Or Tyga,1
"The Barden Bellas, The Treblemakers & The BU Harmonics",1
Eminem Featuring Gwen Stefani,1
T.I. Featuring Rihanna,1
Justin Bieber Duet With Mariah Carey,1
Migos Featuring Gucci Mane,1
"Kendrick Lamar Featuring Bilal, Anna Wise & Snoop Dogg",1
Tanto Metro & Devonte,1
Zedd featuring Hayley Williams Of Paramore,1
Steve Azar,1
Cam Ron,1
ScHoolboy Q,1
Smilez & Southstar,1
Natalie Imbruglia,1
George Harrison,1
Kreayshawn,1
Jeannie Ortega Featuring Papoose,1
"N.O.R.E. Featuring Daddy Yankee, Nina Sky, Gem Star & Big Mato",1
ScHoolboy Q Featuring Kanye West,1
"DJ Khaled Featuring Big Sean, Kendrick Lamar & Betty Wright",1
Jay-Z & T.I. Featuring Kanye West & Lil Wayne,1
Yung L.A. Featuring Young Dro & T.I.,1
Band Aid 30,1
Martin Garrix & Dua Lipa,1
"Mary Mary Featuring Kierra ""KiKi"" Sheard",1
Travi$ Scott Featuring Future & 2 Chainz,1
Jonas Blue Featuring Dakota,1
Empire Cast Featuring Estelle & Jussie Smollett,1
Chris Brown Featuring Jay Biz,1
Usher Featuring Pitbull,1
Paula Abdul & Randy Jackson,1
Chris Brown Featuring Kevin K-MAC McCall,1
Major Lazer Featuring PARTYNEXTDOOR & Nicki Minaj,1
Flo Rida Featuring Pleasure P,1
Bow Wow & Omarion,1
Chris Brown Featuring Lil' Wayne,1
N.O.R.E.,1
Jeezy Featuring Jay Z,1
Shawnna,1
Frenship & Emily Warren,1
Young Gunz,1
Jennifer Lopez Featuring French Montana,1
D Angelo Featuring Method Man And Redman,1
"French Montana Featuring Rick Ross, Drake, Lil Wayne",1
Wisin Featuring Jennifer Lopez & Ricky Martin,1
NAS Featuring Ginuwine,1
Dierks Bentley Featuring Elle King,1
A Rocket To The Moon,1
The Lonely Island Featuring Michael Bolton,1
Aloe Blacc,1
Trey Songz Featuring Gucci Mane & Soulja Boy Tell'em,1
Joe Budden Featuring Lil Wayne & Tank,1
The White Tie Affair,1
B Rich,1
Various Artists,1
Kellie Coffey,1
Cam'Ron Featuring Juelz Santana,1
Musiq Soulchild Featuring Ayana,1
K-Ci,1
Brad Paisley Featuring Alabama,1
The Isley Brothers Featuring Ronald Isley,1
"Wale Featuring Rick Ross, Meek Mill & T-Pain",1
Justin Bieber Featuring R. Kelly,1
Chingy Featuring Amerie,1
Alice Deejay,1
Eddie Vedder,1
Fountains Of Wayne,1
Pitbull Featuring Christina Aguilera,1
Erick Sermon Featuring Redman,1
Ne-Yo Featuring Jamie Foxx & Fabolous,1
Patti LaBelle,1
The Naked Brothers Band,1
Burl Ives,1
Nivea Featuring Lil Jon & YoungBloodZ,1
"Glee Cast Feat. Matthew Morrison, Jayma Mayes, Naya Rivera, Cory Monteith & Lea Michele",1
Usher Featuring Jay-Z,1
Hadouken!,1
Jess Glynne,1
Grace Featuring G-Eazy,1
Wayne Wonder,1
Michael Jackson & Justin Timberlake,1
112 Featuring Foxy Brown,1
Brooke Valentine Featuring Lil Jon & Big Boi,1
Natalie La Rose Featuring Jeremih,1
MKTO,1
"will.i.am Featuring Miley Cyrus, French Montana, Wiz Khalifa & DJ Mustard",1
Ricky Martin Featuring Meja,1
Christina Aguilera & Chris Mann,1
Mario Vazquez,1
Major Lazer X DJ Snake Featuring M0,1
Saving Jane,1
Nicole Scherzinger Featuring 50 Cent,1
Brooks & Dunn With Sheryl Crow & Vince Gill,1
Madonna Featuring Nicki Minaj,1
Angie Martinez Featuring Lil' Mo & Sacario,1
"Marques Houston Featuring Jermaine ""JD"" Dupri",1
Philly's Most Wanted,1
Crossfade,1
Young Jeezy Featuring Jay-Z & Andre 3000,1
Clint Black With Steve Wariner,1
Lil  Zane Featuring 112,1
Amel Larrieux,1
En Vogue,1
B.o.B Featuring T.I. & Playboy Tre,1
T-Wayne,1
Flo Rida Featuring Robin Thicke & Verdine White,1
Kristen Bell & Idina Menzel,1
Twista Featuring Pitbull,1
Flo Rida Featuring Sage The Gemini & Lookas,1
Pharrell Featuring Gwen Stefani,1
Kanye West Featuring Pusha T,1
Lil' Kim Featuring Sisqo,1
Regina Spektor,1
Santana Featuring Alex Band Or Chad Kroeger,1
Corbin Bleu,1
Afrojack Featuring Eva Simons,1
Arcade Fire,1
Lil Jon & The East Side Boyz Featuring Ying Yang Twins,1
"Mike WiLL Made-It Featuring Miley Cyrus, Wiz Khalifa & Juicy J",1
"Shaggy Feat. Ricardo ""RikRok"" Ducent",1
Play-N-Skillz Featuring Krayzie Bone & Adina Howard,1
Paul Wall Featuring Lil' KeKe,1
Jadakiss Featuring Anthony Hamilton,1
Jagged Edge With Nelly,1
Van Halen,1
Ray J Featuring Lil' Kim,1
Soko,1
Lee Greenwood,1
BT,1
Tessanne Chin & Adam Levine,1
I LOVE MAKONNEN Featuring Drake,1
Master P,1
R. Kelly Featuring Big Tigger,1
Olly Murs Featuring Chiddy Bang,1
Kanye West Featuring Cam'ron & Consequence,1
Sonique,1
Far*East Movement Featuring Cataracs & Dev,1
Field Mob Featuring Ciara,1
Brenda Lee,1
Daddy Yankee Featuring Fergie,1
Florida Georgia Line Featuring Nelly,1
Bella Thorne,1
Ariana Grande Featuring Lil Wayne,1
OG Maco,1
Chingy Featuring J. Weav,1
Cherish,1
Jonn Hart Featuring IamSU!,1
Baby Bash Featuring Akon,1
Angels And Airwaves,1
Drake Featuring Trey Songz & Lil Wayne,1
Flo Rida Featuring Jason Derulo,1
Artists For Haiti,1
Mario Winans Featuring P. Diddy & Enya,1
Trick Daddy Featuring Lil Jon & Twista,1
Hannah Huston,1
Edens Edge,1
Kenny Chesney With Dave Matthews,1
Nelly Featuring Jaheim,1
Baby Featuring P. Diddy,1
Pusha T   Kanye West,1
Destiny's Child Featuring T.I. & Lil Wayne,1
Ludacris & Field Mob Featuring Jamie Foxx,1
Enrique Iglesias Featuring Wisin,1
T-Pain Featuring Yung Joc,1
Sophia Grace,1
Soulja Boy Tell 'Em Featuring Sammie,1
Chief Keef Featuring Lil Reese,1
Julia Michaels,1
Crazy Frog,1
Shania Twain With Billy Currington Or Mark McGrath,1
Timbaland Featuring OneRepublic,1
Jermaine Dupri,1
"Kanye West, Gucci Mane, Big Sean, 2 Chainz, Travi$ Scott, Yo Gotti, Quavo, Desiigner",1
Who Is Fancy,1
R. Kelly Featuring The Game,1
High School Musical 3 Cast,1
Eminem Featuring Dr. Dre & 50 Cent,1
Taio Cruz Featuring Flo Rida,1
DJ Snake & Lil Jon,1
Hunter Hayes Featuring Jason Mraz,1
Amin√©,1
Ray J,1
Rej3ctz,1
Jay Z  Kanye West Featuring Frank Ocean,1
Britney Spears & Iggy Azalea,1
Waka Flocka Flame Featuring Trey Songz,1
Rick Ross Featuring Kanye West & Big Sean,1
The Goo Goo Dolls,1
Rob $tone Featuring J. Davi$ & Spooks,1
Kid Cudi Featuring Kanye West & Common,1
"Damian ""Jr. Gong"" Marley",1
Chris Brown Featuring Usher & Rick Ross,1
Post Malone Featuring Justin Bieber,1
Mana,1
Nicki Minaj Featuring Rihanna,1
Chris Brown Featuring Lil Wayne & Swizz Beatz,1
MGMT,1
Hoku,1
Mike Jones Featuring Trey Songz & Twista,1
Mann,1
LoveRance Featuring IamSu & Skipper or 50 Cent,1
Justin Timberlake Featuring Jay Z,1
B.o.B Featuring Hayley Williams,1
Santana Featuring Michelle Branch & The Wreckers,1
Ian Van Dahl Featuring Marsha,1
Ne-Yo Featuring Juicy J,1
Big Sean Featuring Kanye West,1
"Kevin Gates Featuring Trey Songz, Ty Dolla $ign &  Jamie Foxx",1
Meek Mill Featuring Nicki Minaj,1
Jon B.,1
Pharrell Featuring Jay-Z,1
Zayion McCall Featuring Zay Hilfigerrr,1
Gloria Estefan,1
Lloyd Featuring Lil Wayne,1
Webstar & Young B Featuring The Voice Of Harlem,1
Lil Wayne Featuring Drake & Future,1
Brooks & Dunn Featuring Billy Gibbons,1
Christina Aguilera Featuring Redman,1
The Lox Featuring Timbaland And EVE,1
Ludacris Featuring Miguel,1
Paul McCartney With U2,1
Baby Bash Featuring T-Pain,1
Ghostface Killah Featuring Ne-Yo,1
Rihanna & Kanye West & Paul McCartney,1
Tinie Tempah Featuring Eric Turner,1
Chris Cornell,1
Cash Cash Featuring Bebe Rexha,1
Wiz Khalifa Featuring Rae Sremmurd,1
Mikaila,1
"DJ Khaled Featuring Akon, Rick Ross, Young Jeezy, Lil' Boosie, Trick Daddy, Ace Hood & Pli",1
Alvin And The Chipmunks Featuring Chris Classic,1
Jeremih Featuring 50 Cent,1
Pilar Montenegro,1
OG Maco Featuring 2 Chainz,1
Taylor Swift Featuring Ed Sheeran,1
"Jimmy Buffett With Clint Black, Kenny Chesney, Alan Jackson, Toby Keith & George Strait",1
Don Henley,1
Vivian Green,1
Slum Village Featuring Dwele,1
"Irv Gotti Presents The Inc. Featuring Ja Rule, Ashanti, Charli Baltimore & Vita",1
Kenny G,1
Kaskade Featuring Neon Trees,1
Fefe Dobson,1
Puff Daddy Featuring Mario Winans,1
Ciara Featuring T-Pain,1
Twista Featuring Trey Songz,1
J-Kwon Featuring Sadiyyah,1
Ke$ha Featuring 3OH!3,1
Gym Class Heroes Featuring Adam Levine,1
Fabolous Featuring Chris Brown,1
2 Chainz x Gucci Mane x Quavo,1
Arianna Featuring Pitbull,1
Gym Class Heroes Featuring Neon Hitch,1
Lloyd Banks Featuring 50 Cent,1
Michael Franti & Spearhead Featuring Cherine Anderson,1
T.I. Featuring Chris Brown,1
21 Savage & Metro Boomin,1
"Knoc-Turn'Al With Dr. Dre & Missy ""Misdemeanor"" Elliott",1
Framing Hanley,1
T.I. Featuring Iggy Azalea,1
Rascal Flatts Featuring Natasha Bedingfield,1
Rihanna Featuring Britney Spears,1
Ciara Featuring Petey Pablo,1
Lucy Pearl,1
Linkin Park X Steve Aoki,1
Gucci Mane Featuring Kanye West,1
Trina,1
Jason Aldean With Kelly Clarkson,1
Juicy J Featuring Wale And Trey Songz,1
Solange Featuring Sampha,1
alt-J,1
Nick Fradiani,1
Ludacris Co-Starring Chris Brown & Sean Garrett,1
Jidenna Featuring Roman GianArthur,1
Reba McEntire Duet With Kelly Clarkson,1
The FiNATTiCZ,1
Bow Wow Featuring Soulja Boy Tell'em,1
Public Announcement Featuring LeLe,1
Chris Brown Featuring Lil Wayne & French Montana Or & Too $hort,1
Brooke Hogan Featuring Paul Wall,1
Waka Flocka Flame Featuring Roscoe Dash & Wale,1
Uncle Kracker Featuring Dobie Gray,1
Too Short Featuring Lil Jon & The East Side Boyz,1
Kid Rock Featuring Sheryl Crow,1
Missy Elliott Featuring Pharrell Williams,1
V V Brown,1
Zedd Featuring Jon Bellion,1
Glen Hansard & Marketa Irglova,1
Ashton Shepherd,1
The Lonely Island Featuring Akon,1
Slaughterhouse Featuring Eminem,1
Hey Violet,1
Kenny Chesney With Grace Potter,1
AWOLNATION,1
Hellogoodbye,1
Mike Posner Featuring Lil Wayne,1
Jennifer Lopez Featuring Jadakiss & Styles,1
The Notorious B.I.G. Featuring Puff Daddy,1
Lady Gaga Featuring Colby O'Donis,1
Lil Jon & The East Side Boyz Featuring Usher & Ludacris,1
Lil' Wayne Featuring Juvenile & B.G.,1
Jaheim Featuring Next,1
Andrew McMahon In The Wilderness,1
Roscoe Dash,1
Fergie Featuring Ludacris,1
Drake Featuring Pimp C & dvsn,1
"Jay-Z, Beanie Sigel And Memphis Bleek",1
Frankie J.,1
Kevin Denney,1
Flo Rida Featuring T-Pain,1
Bow Wow Featuring J-Kwon & Jermaine Dupri,1
"Sheryl Crow, Kid Rock & Keith Urban",1
The Afters,1
Katy Perry Featuring Kanye West,1
Wale Featuring Usher,1
Pharrell,1
Drake Featuring The Weekend,1
Mobb Deep Featuring 112,1
Zach Sobiech,1
"R.L., Snoop Dogg & Lil' Kim",1
China Anne McClain,1
DeJ Loaf,1
Shareefa Featuring Ludacris,1
K'Naan Featuring Nelly Furtado,1
Teairra Mari,1
Lil Jon Featuring Tyga,1
Mariah Carey Featuring Miguel,1
Matt Nathanson Featuring Sugarland,1
Murphy Lee Featuring Jermaine Dupri,1
A-Trak + Milo & Otis Featuring Rich Kidz,1
William Michael Morgan,1
TeeFLii Featuring 2 Chainz,1
Bea Miller,1
Coldplay With Jay-Z,1
Josh Turner Featuring Trisha Yearwood,1
Nas Featuring Olu Dara,1
K'Jon,1
Webbie Featuring Bun B,1
Cassidy Featuring R. Kelly,1
Common Featuring Mary J. Blige,1
Chrisette Michele,1
Bobby V Featuring Yung Joc,1
The Used And My Chemical Romance,1
Birdman Featuring Lil Wayne & Drake,1
Ciara Featuring Missy Elliott,1
Broadway For Orlando,1
JC Chasez Featuring Dirt McGirt,1
Cher Lloyd Featuring Becky G,1
Bush,1
"The Alchemist Featuring Prodigy, Illa Ghee & Nina Sky",1
Len,1
Pitbull Featuring G.R.L.,1
Zac Brown Band Featuring Alan Jackson,1
will.i.am & Britney Spears,1
Paul Wall Featuring Big Pokey,1
Ying Yang Twins Featuring Pitbull,1
Paul Wall,1
Marvin Sapp,1
Nelly Featuring Kelly Rowland,1
Mark Ronson Featuring Bruno Mars,1
deadmau5 Featuring Greta Svabo Bech,1
Blaine Larsen,1
Iconz Featuring Tony Manshino,1
DJ Khaled Featuring Jay Z & Future,1
Ludacris Featuring Mary J. Blige,1
Joss Stone,1
Adam Levine & Tony Lucca,1
Mark McGuinn,1
"DJ Drama Featuring Fabolous, Roscoe Dash & Wiz Khalifa",1
David Guetta Featuring Sam Martin,1
Lil Wayne Featuring Shanell AKA SNL,1
Timbaland Featuring Nelly Furtado & Justin Timberlake,1
Drake Featuring 2 Chainz & Big Sean,1
Obie Trice Featuring Nate Dogg,1
Chingy Featuring Tyrese,1
Akon Featuring Snoop Dogg,1
Marcos Hernandez,1
Ludacris Featuring Nicki Minaj,1
Rick Ross Featuring T-Pain,1
Queen & David Bowie,1
Alan Jackson & Jimmy Buffett,1
Charlie Worsham,1
Carolina Liar,1
"Wale Featuring Rick Ross, Meek Mill, & T-Pain",1
Rocko Featuring Future & Rick Ross,1
Flo Rida Featuring Sia,1
The Roots Featuring Musiq,1
Daryl Hall  John Oates,1
Chris Medina,1
Ty Dolla $ign Featuring B.o.B,1
Billy Dean,1
Squeak E. Clean Featuring Karen O.,1
Tim McGraw Featuring Faith Hill,1
Lil Mama,1
Vince Gill,1
Sick Puppies,1
Dillon Francis & DJ Snake,1
Kristen Bell & Santino Fontana,1
Young Jeezy Featuring Nas,1
Lenny Kravitz Featuring Jay-Z,1
Fat Joe Featuring Ginuwine,1
Reina,1
Joe Featuring G-Unit,1
Lil Wayne Featuring Cory Gunz,1
Gorillaz Featuring Shaun Ryder,1
Twenty One Pilots,1
Ty Dolla $ign Featuring Future & Rae Sremmurd,1
New Boyz Feat. Chris Brown,1
Gucci Mane Featuring Plies,1
Pleasure P.,1
Beyonce Featuring Lady Gaga,1
Ja Rule,1
Austin Mahone Featuring Pitbull,1
Kenny Chesney Featuring P!nk,1
Miguel Featuring J. Cole,1
"Major Lazer Featuring Bruno Mars, Tyga & Mystic",1
Kendrick Lamar Featuring Drake,1
3LW Featuring P. Diddy & Loon,1
Lil' Kim Featuring Mr. Cheeks,1
Mase,1
Jimmy Fallon Featuring will.i.am,1
Beenie Man Featuring Mya,1
Rich Homie Quan Featuring Problem,1
Jennifer Hanson,1
Ludacris Featuring Pharrell,1
Ying Yang Twins Featuring Wyclef,1
Trey Songz Featuring Twista,1
Mariah Carey Featuring Jay-Z,1
Nelly Featuring Tim McGraw,1
Usher Featuring Young Jeezy,1
Busta Rhymes & Mariah Carey Featuring The Flipmode Squad,1
Hot Chelle Rae Featuring New Boyz,1
BTR,1
The-Dream Featuring Mariah Carey,1
Mariah Carey Featuring T-Pain,1
Natasha Bedingfield Featuring Sean Kingston,1
Jay-Z + Alicia Keys,1
Lil Scrappy Featuring Young Buck,1
Christina Aguilera Featuring Lil' Kim,1
G-Unit,1
Boys Like Girls Featuring Taylor Swift,1
J. Cole Featuring Trey Songz,1
Glee Cast Featuring Jonathan Groff & Lea Michele,1
G-Unit Featuring Joe,1
A$AP Rocky Featuring Rod Stewart x Miguel x Mark Ronson,1
WE the Kings Featuring Demi Lovato,1
Sean Kingston Featuring Nicki Minaj,1
Chance The Rapper Featuring Lil Wayne & 2 Chainz,1
Keith Murray Featuring Def Squad,1
Ying Yang Twins Featuring Lil Jon & The East Side Boyz,1
D Angelo,1
Glee Cast Featuring Idina Menzel,1
Dwayne Johnson,1
Beyonce Featuring Jay Z,1
Chedda Da Connect,1
Madcon,1
Ludacris Co-Starring T-Pain,1
Jay Sean Featuring Sean Paul & Lil Jon,1
Missy Elliott Featuring Lamb,1
T.I. Featuring Mary J. Blige,1
Khia Featuring DSD,1
Ferras,1
New Boyz Featuring Chris Brown,1
2 Chainz & Wiz Khalifa,1
Yung Berg Featuring Casha,1
D.H.T.,1
2Pac Featuring Trick Daddy,1
Gwen Stefani Featuring Akon,1
Luke Bryan Featuring Karen Fairchild,1
Clean Bandit Featuring Jess Glynne,1
Fat Joe,1
Trick Daddy Featuring The SNS Express,1
K Camp,1
Jamie Foxx Featuring T-Pain,1
Ludacris Featuring Mystikal & Infamous 2.0,1
Akon & Sweet Rush,1
The Fratellis,1
Noah Cyrus Featuring Labrinth,1
DJ Khaled Featuring Drake,1
MGK Featuring Waka Flocka Flame,1
Nero,1
Trina Featuring Kelly Rowland,1
Akon Featuring Eminem,1
"Jamie Foxx Featuring Drake, Kanye West & The-Dream",1
Shawty Lo,1
Snootie Wild Featuring K Camp,1
Brandy Featuring Kanye West,1
Macklemore & Ryan Lewis Featuring Wanz,1
D-12,1
City High Featuring Eve,1
Pretty Rickie,1
Jay-Z & Kanye West Featuring Otis Redding,1
Darren Hayes,1
Nelly Featuring Jeremih,1
Enya,1
Omarion Featuring Chris Brown & Jhene Aiko,1
Zedd Featuring Hayley Williams,1
Down A.K.A. Kilo,1
Kaleo,1
Guerilla Black Featuring Mario Winans,1
Fabolous Featuring The-Dream,1
"Trick Daddy Featuring Duece Poppito, Trina, Co",1
Ricky Martin With Christina Aguilera,1
Soulja Boy Tell 'em Featuring Sammie,1
Nelly Featuring Ciara & JD,1
B.o.B Featuring T.I. & Juicy J,1
Naughty Boy Featuring Sam Smith,1
Gucci Mane & Nicki Minaj,1
Frankie J Featuring Mannie Fresh & Chamillionaire,1
Toby Love Featuring Rakim & Ken-Y,1
50 Cent Featuring Akon,1
Charlie Puth,1
Waka Flocka Flame,1
Big Sean Featuring Drake,1
Parachute,1
Macklemore & Ryan Lewis Featuring Ray Dalton,1
Aventura Featuring Don Omar,1
Cham Featuring Alicia Keys,1
Alex Clare,1
G-Eazy Featuring Chris Brown & Tory Lanez,1
Master P Featuring Weebie,1
Lil Wayne Featuring John Legend,1
Chris Brown Featuring Aaliyah,1
Hannah Montana Featuring David Archuleta,1
Body Head Bangerz Featuring YoungBloodz,1
Eden's Crush,1
Counting Crows Featuring Vanessa Carlton,1
The Notorious B.I.G. Featuring Puff Daddy & Lil' Kim,1
Wiz Khalifa Featuring Travi$ Scott,1
Brad Paisley Duet With Keith Urban,1
Anita Baker,1
Pitbull Featuring TJR,1
Ace Hood Featuring Trey Songz,1
Nitty,1
Far*East Movement Featuring Ryan Tedder,1
Jessie James,1
Vance Joy,1
Chad Brock With Hank Williams Jr. & George Jones,1
Lil Bow Wow Featuring Jagged Edge,1
Limp Bizkit Featuring Method Man,1
Meryl Streep,1
Daft Punk Featuring Pharrell Williams,1
Estelle,1
Santana Featuring Michelle Branch,1
Drama,1
50 Cent Featuring Ne-Yo,1
Mary J. Blige Featuring Brook-lyn,1
Jimmy Cozier,1
Maejor Ali Featuring Juicy J & Justin Bieber,1
DJ Suede The Remix God,1
Lil' Flip Featuring Lea,1
The Weeknd Featuring Labrinth,1
Florida Georgia Line Featuring Tim McGraw,1
Stone Temple Pilots,1
LeToya,1
Jadakiss Featuring Nate Dogg,1
Joe Featuring Mystikal,1
O.A.R.,1
David Gray,1
Busta Rhymes Featuring Eminem,1
"Lil Jon & The East Side Boyz Featuring Ludacris, Too Short, Big Kap & Chyna Whyte",1
Mr. Probz,1
"Future Featuring Pharrell, Pusha T & Casino",1
Havana Brown Featuring Pitbull,1
Jamey Johnson,1
Jason Aldean With Luke Bryan & Eric Church,1
Pastor Troy Featuring Ms. Jade,1
"Waka Flocka Flame Featuring Nicki Minaj, Tyga & Flo Rida",1
Pitbull Featuring T-Pain & Sean Paul,1
Sean Paul Featuring Alexis Jordan,1
DJ ESCO Featuring Future & Lil Uzi Vert,1
Violator Featuring Busta Rhymes,1
2 Chainz Featuring Pharrell,1
Alabama Shakes,1
Jennifer Lopez Featuring Styles & Jadakiss,1
Pitbull Featuring Flo Rida & LunchMoney Lewis,1
Pitbull Featuring T-Pain,1
Travi$ Scott,1
Macklemore & Ryan Lewis Featuring Mary Lambert,1
Kungs vs Cookin' On 3 Burners,1
Britt Nicole,1
Clean Bandit Featuring Sean Paul & Anne-Marie,1
SoMo,1
Tyga Featuring Chris Richardson,1
Cast Of Hairspray,1
Chris Brown Featuring Kevin McCall,1
Sharissa,1
Raphael Saadiq Featuring D'Angelo,1
New Kids On The Block,1
Skrillex & Diplo Featuring Justin Bieber,1
MIKA Featuring Ariana Grande,1
"Artists Of Then, Now & Forever",1
Jay-Z Featuring Beanie Sigel,1
Fat Joe Featuring Ashanti,1
Hoodie Allen Featuring Ed Sheeran,1
Cherish Featuring Sean Paul Of The YoungBloodZ,1
3OH!3 Featuring Neon Hitch,1
Tommy Lee,1
Musiq Soulchild Featuring Mary J. Blige,1
Bad Boy's Da Band,1
Ariana Grande Featuring Zedd,1
DJ Snake Featuring Bipolar Sunshine,1
Big Tymers Featuring R. Kelly,1
Travie McCoy Featuring Bruno Mars,1
Mobb Deep,1
Van Zant,1
Seether Featuring Amy Lee,1
Flo Rida Featuring Akon,1
Bloodhound Gang,1
"Kanye West Featuring Jay-Z, Rick Ross, Bon Iver & Nicki Minaj",1
Faith Hill With Tim McGraw,1
Solange,1
"DJ Khaled Featuring Lil Wayne, Paul Wall, Fat Joe, Rick Ross & Pitbull",1
Nicki Minaj Featuring 2 Chainz,1
Josh Thompson,1
Zombie Nation,1
Trillville,1
Dolla Featuring T-Pain & Tay Dizm,1
Yo Gotti Featuring E-40,1
Zendaya Featuring Chris Brown,1
The Ataris,1
Trey Songz Featuring T.I.,1
Aaliyah Featuring Timbaland,1
PSY Featuring Snoop Dogg,1
Will Young,1
Shop Boyz,1
Lady GaGa Featuring Colby O'Donis,1
St. Lunatics,1
Saving Abel,1
Yo Gotti Featuring Nicki Minaj,1
Lil Jon Featuring LMFAO,1
Lil Wayne Featuring 2 Chainz,1
The Game Featuring Jeremih,1
Tiesto Featuring Matthew Koma,1
Tony Lucca,1
J. Dash,1
Alesso Featuring Tove Lo,1
Toby Keith Duet With Willie Nelson,1
Jesse McCartney Featuring T-Pain,1
Mariah Carey Featuring Cameo,1
Rudimental Featuring Ed Sheeran,1
Spose,1
Lil Bow Wow Featuring Jagged Edge & Fundisha,1
Chris Lane,1
Mario Winans Featuring Enya & P. Diddy,1
Mary J. Blige Featuring Brook-Lyn,1
Dragonforce,1
Slim Featuring Yung Joc,1
"Game Featuring Chris Brown, Tyga, Wiz Khalifa & Lil Wayne",1
Tommy Shane Steiner,1
Yung Joc,1
Chris Brown Featuring Lil Wayne & Busta Rhymes,1
Maroon 5 Featuring Future,1
Romeo Santos Featuring Drake,1
"Glee Cast Featuring Lea Michele, Cory Monteith, Kevin McHale & Amber Riley",1
Debelah Morgan,1
Jay-Z/Linkin Park,1
him,1
DJ Snake & AlunaGeorge,1
The Strokes,1
Memphis Bleek Featuring Jay-Z & Missy Elliott,1
The-Dream Featuring Kanye West,1
P. Diddy Featuring Usher & Loon,1
QB Finest Featuring Nas And Bravehearts,1
Sunday,1
Mary J. Blige & Andrea Bocelli,1
Meek Mill Featuring Future,1
Smokie Norful,1
Q-Tip,1
Kygo x Selena Gomez,1
A R Rahman & The Pussycat Dolls Featuring Nicole Scherzinger,1
Enrique Iglesias Featuring Pitbull,1
311,1
Sole Featuring JT Money & Kandi,1
Lil Wayne Featuring Bobby Valentino,1
Brantley Gilbert Featuring Justin Moore & Thomas Rhett,1
Chamillionaire,1
Three 6 Mafia Featuring Young Buck & Eightball & MJG,1
Sole Featuring JT Money,1
T-Pain Featuring Ludacris,1
Project Pat,1
Benzino,1
Wonder Girls,1
Fatboy Slim,1
Lloyd Featuring Lil' Wayne,1
Usher Featuring Young Thug,1
Fabolous Featuring Young Jeezy,1
Travie McCoy Featuring Jason Mraz,1
Yasmeen Featuring Ghostface Killah,1
Young Jeezy Featuring Lil Wayne,1
Wyclef Jean Featuring Missy Elliott,1
Marques Houston Featuring Joe Budden & Pied Piper,1
Cee-Lo,1
Kid Ink Featuring DeJ Loaf,1
Flobots,1
Gotye Featuring Kimbra,1
Eve Featuring Faith Evans,1
Dev & Enrique Iglesias,1
Chris Young Featuring Vince Gill,1
Ty Dolla $ign Featuring Wiz Khalifa & DJ Mustard,1
Chad Brock With Hank Williams Jr.,1
The Weeknd Featuring Future,1
Mario Featuring Gucci Mane & Sean Garrett,1
Nina Sky Featuring Jabba,1
Enrique Iglesias Feat. Wisin or Tinashe & Javada,1
Daniel Rodriguez,1
Jennifer Lopez Featuring LL Cool J,1
Big Sean Featuring E-40,1
Prince Royce Featuring Jennifer Lopez & Pitbull,1
T-Pain Featuring Rick Ross,1
Migos Featuring Lil Uzi Vert,1
AfroJack Featuring Eva Simons,1
Justin Bieber Featuring Jaden Smith,1
Breathe Carolina,1
A Great Big World Featuring FUTURISTIC,1
David Guetta Featuring Ne-Yo & Akon,1
Danny Gokey,1
"Trick Daddy Featuring Ludacris, Lil' Kim & Cee-Lo",1
Meek Mill Featuring Kirko Bangz,1
"Glee Cast Featuring Lea Michele, Cory Monteith & Amber Riley",1
Tegan And Sara Featuring The Lonely Island,1
Ashley Tisdale And Lucas Grabeel,1
Britney Spears Featuring Nicki Minaj & Ke$ha,1
Rage Against The Machine,1
Cold,1
Young Money Featuring Gucci Mane,1
Lupe Fiasco Featuring MDMA,1
Edward Maya & Vika Jigulina,1
Beastie Boys,1
Lupe Fiasco Featuring Trey Songz,1
Eagles,1
Charice Featuring Iyaz,1
Soluna,1
Luis Fonsi Featuring Daddy Yankee,1
"Yung Wun Featuring DMX, Lil' Flip & David Banner",1
P!nk Featuring Nate Ruess,1
"Webbie, Lil' Phat & Lil' Boosie",1
Hillsong UNITED,1
The Wallflowers,1
Jaron And The Long Road To Love,1
Gucci Mane Featuring Plies Or OJ Da Juiceman,1
Spice Girls,1
John Mayer Featuring Katy Perry,1
G-Eazy Featuring Remo,1
Heartland,1
Colby O'Donis Featuring Akon,1
Trick Daddy Featuring Cee-Lo & Big Boi,1
Fifth Harmony Featuring Ty Dolla $ign,1
Yasmeen Featuing Ghostface Killah,1
David Banner Featuring Chris Brown,1
Busta Rhymes Featuring Spliff Star,1
Christina Grimmie & Adam Levine,1
Kirko Bangz,1
Kelis Featuring Too $hort,1
Green Shoe Studio Featuring Jacob Colgan & Fred Stobaugh,1
Lustra,1
Marques Houston Featuring Young Rome,1
Wiz Khalifa Featuring Too $hort,1
t.A.T.u.,1
Chad Brock,1
"B.G. Featuring Baby, Turk, Mannie Fresh, Juvenile",1
Taylor Swift Featuring The Civil Wars,1
David Nail Featuring Sarah Buxton,1
Michel Telo,1
Avant Featuring KeKe Wyatt,1
Young M.a.,1
Nick Cannon Featuring R. Kelly,1
Driicky Graham,1
Jeremih Featuring J. Cole,1
Montell Jordan,1
Glee Cast Featuring Chris Colfer & Lea Michele,1
Justin Bieber Featuring Busta Rhymes,1
Enrique Iglesias Featuring Descemer Bueno & Gente de Zona,1
Billy Ray Cyrus With Miley Cyrus,1
LL Cool J Featuring Amerie,1
Zedd Featuring Foxes,1
Tiesto,1
Robin Schulz Featuring Francesco Yates,1
Wale Featuring Miguel,1
Jibbs Featuring Chamillionaire,1
Blaque,1
Sunny Sweeney,1
Young Jeezy Featuring R. Kelly,1
Katy Tiz,1
Coldplay Featuring Rihanna,1
Mase Featuring P. Diddy,1
Taylor John Williams,1
Jay Z Featuring Rick Ross,1
Fabolous Featuring P. Diddy & Jagged Edge,1
U2 & Green Day,1
Big Sean Featuring Migos,1
Beyonce Featuring James Blake,1
Akon Featuring Lil Wayne,1
"DJ Drama, 2 Chainz, Meek Mill, Jeremih",1
Crystal Bowersox,1
Will Champlin,1
Tyga & Justin Bieber,1
Melissa Etheridge & Joss Stone,1
Ludacris Featuring Sleepy Brown,1
Kendrick Lamar Featuring George Clinton & Thundercat,1
Mya Featuring Jadakiss,1
Ciara Featuring 50 Cent,1
504 Boyz,1
Jake Worthington,1
Nick Cannon Featuring B2K,1
Beyonce Featuring Andre 3000,1
Sunshine Anderson,1
David Guetta Featuring Sia,1
Daft Punk,1
Macklemore & Ryan Lewis Featuring ScHoolboy Q & Hollis,1
The JaneDear Girls,1
Wiz Khalifa Featuring The Weeknd,1
Will Smith Featuring Tra-Knox,1
Lil Scrappy,1
Meghan Trainor Featuring John Legend,1
Shakira Featuring Rihanna,1
Chris Janson,1
Lupe Fiasco & Guy Sebastian,1
Lil Wayne Featuring Big Sean,1
August Alsina/Trinidad James,1
Fat Joe Featuring Lil Wayne,1
Lloyd Banks Featuring Avant,1
21 Savage,1
DJ Snake Featuring Justin Bieber,1
The Lonely Island Featuring Adam Levine & Kendrick Lamar,1
O.T. Genasis,1
Shakira Featuring Wyclef Jean,1
Kid Ink Featuring Meek Mill & Wale,1
LL Cool J Featuring 7 Aurelius,1
Steve Aoki & Louis Tomlinson,1
Kelly Rowland Featuring Eve,1
Baha Men With Imani Coppola,1
Justin Timberlake Duet With Beyonce,1
Matt & Kim,1
Auburn Featuring Iyaz,1
Usher Featuring Rick Ross,1
French Montana Featuring Nicki Minaj,1
Dem Franchize Boyz Featuring Lil Peanut & Charlay,1
Greg Bates,1
Tenacious D,1
Las Ketchup,1
R. Kelly Featuring 2 Chainz,1
Elton John,1
David Guetta Featuring Jennifer Hudson,1
Fat Joe Featuring Nelly,1
Dirty Vegas,1
Beth Hart,1
Patti LaBelle Featuring Ron Isley,1
Jennifer Lopez Featuring Lil Wayne,1
"Mike Jones Featuring Trey Songz, Lil Wayne & Twista",1
Nelly Featuring Fergie,1
Kid Cudi Featuring Kanye West,1
Anastacia,1
Big Sean Featuring Kanye West & John Legend,1
"Torrey Carter Featuring Missy ""Misdemeanor"" Elliott",1
Tyga Featuring Travis McCoy,1
Keyshia Cole Duet With Monica,1
Daniel Powter,1
Studio All-Stars,1
Jane's Addiction,1
David Banner,1
Major Lazer & DJ Snake Featuring M0,1
Chris Brown Featuring Tyga & Kevin McCall,1
T.I. Featuring Big K.R.I.T.,1
Nappy Roots Featuring Anthony Hamilton,1
Tyga Featuring Young Thug,1
Brothers Osborne,1
Lindsay Lohan,1
G-Eazy x Bebe Rexha,1
"Juicy J, Wiz Khalifa & Ty Dolla $ign Featuring Kill The Noise & Madsonik",1
Rich Boy Featuring Polow Da Don,1
Paula DeAnda Featuring The DEY,1
Eminem Featuring Lil Wayne,1
Kardinal Offishall Featuring Akon,1
David Guetta Featuring Taio Cruz & Ludacris,1
Jermaine Paul,1
Yung Joc Featuring Marques Houston & Trey Songz,1
Apocalyptica Featuring Adam Gontier,1
"Kanye West, Big Sean, Pusha T, 2 Chainz",1
Justin Bieber Featuring Drake,1
Mann Featuring 50 Cent,1
Stevie Wonder,1
Maroon 5 Featuring Kendrick Lamar,1
"Hustle Gang Featuring T.I., B.o.B, Kendrick Lamar & Kris Stephens",1
Future Featuring Lil Wayne,1
Prince Royce Featuring Snoop Dogg,1
Jesse McCartney Featuring Ludacris,1
Snoop Dogg Presents Tha Eastsidaz,1
Lil' Kim Featuring 50 Cent,1
Jon Bellion,1
Madonna Featuring Nicki Minaj & M.I.A.,1
Ashlee Simpson With Tom Higgenson,1
Diddy - Dirty Money Featuring Drake,1
Florida Georgia Line Featuring Backstreet Boys,1
Kid Cudi Featuring King Chip,1
Loon Featuring Kelis,1
Panjabi MC Featuring Jay-Z,1
David Guetta Featuring Flo Rida & Nicki Minaj,1
NB Ridaz Featuring Gemini,1
Ke$ha Featuring will.i.am Or Juicy J,1
Lee DeWyze & Crystal Bowersox,1
Fleetwood Mac,1
Jamie Foxx Featuring T.I.,1
Case,1
Lil Bow Wow Featuring Xscape,1
Rebecca Black,1
ScHoolboy Q Featuring Kendrick Lamar,1
Mudvayne,1
Baauer,1
50 Cent Feat. Mobb Deep,1
"The Notorious B.I.G. Featuring Diddy, Nelly, Jagged Edge & Avery Storm",1
Lil Wayne Featuring Detail,1
Pitbull Featuring Trina & Young Bo$$,1
"Ludacris, LL Cool J & Keith Murray",1
Big Sean Featuring Chris Brown & Ty Dolla $ign,1
Lillywood & Robin Schulz,1
Rihanna Featuring David Guetta,1
Mika,1
DJ Khaled Featuring Beyonce & JAY Z,1
"Meek Mill Featuring T.I., Birdman Lil Wayne, DJ Khaled, Rick Ross & Swizz Beatz",1
Cherie,1
Jason Mraz & Colbie Caillat,1
Chris Brown Featuring T-Pain,1
LL Cool J Featuring Marc Dorsey,1
50 Cent Featuring Mobb Deep,1
Alicia Keys Featuring Nicki Minaj,1
The Corrs,1
Capital Cities,1
Wyclef Jean Featuring Claudette Ortiz,1
Tim McGraw With Taylor Swift,1
"Faith Evans Featuring Missy ""Misdemeanor"" Elliott",1
Gym Class Heroes Featuring Ryan Tedder,1
Ray LaMontagne,1
Rick Ross Featuring Wale & Drake,1
Kanye West Featuring T-Pain,1
G-Eazy,1
Beyonce Featuring Nicki Minaj Or Chimamanda Ngozi Adichie,1
Baby Bash Featuring Frankie J,1
D.R.A.M. Featuring Lil Yachty,1
Kent Jones,1
Slum Village Featuring Kanye West & John Legend,1
Enrique Iglesias Featuring Ludacris & DJ Frank E,1
Lucy Hale,1
Wynonna,1
Eiffel 65,1
Tech N9Ne Featuring 2 Chainz & B.o.B,1
Travis Scott Featuring Kendrick Lamar,1
"DJ Khaled Featuring Nicki Minaj, Chris Brown & August Alsina",1
Truth Hurts Featuring Rakim,1
Lupe Fiasco Featuring Skylar Grey,1
Meek Mill Featuring Quavo,1
Jason Aldean Featuring Ludacris,1
Keri Hilson Featuring Kanye West & Ne-Yo,1
Los Lonely Boys,1
Bow Wow Featuring Jagged Edge,1
Amanda Brown,1
Kristinia Debarge,1
Common & John Legend,1
Bird York,1
Baby Boy Da Prince Featuring Lil Boosie,1
Wale Featuring Lil Wayne,1
PARTYNEXTDOOR Featuring Drake,1
NEEDTOBREATHE Featuring Gavin DeGraw,1
Boyz II Men,1
Kelly Clarkson Featuring Jeff Beck,1
Crazy Town,1
LL Cool J Featuring The-Dream,1
Wale Featuring Tiara Thomas Or Rihanna,1
Flo Rida Featuring Wynter,1
Luke Nasty,1
3OH!3 Featuring Ke$ha,1
T.I. Featuring B.o.B.,1
New Boyz Feat. Ray J,1
Maria Mena,1
Keyshia Cole Featuring 2Pac,1
Rich Gang Featuring Young Thug & Rich Homie Quan,1
Olivia,1
Brad Paisley Featuring Alison Krauss,1
LMFAO Featuring Lil Jon,1
Cheyenne Kimball,1
Tyga Featuring Lil Wayne,1
Meek Mill Featuring Lil Uzi Vert & Nicki Minaj,1
Young M.A,1
Bow Wow Featuring Chris Brown & Johnta Austin,1
Shakira Featuring Alejandro Sanz,1
DAY26 Featuring P. Diddy & Yung Joc,1
Mariah Carey Featuring Joe & 98 Degrees,1
'N Sync & Gloria Estefan,1
David Guetta Featuring Sia & Fetty Wap,1
The Chainsmokers & Coldplay,1
Akon Featuring Lil Wayne & Young Jeezy,1
Anne Hathaway,1
Clay Davidson,1
David Guetta Featuring Kelly Rowland,1
James Arthur,1
S Club 7,1
Nate Ruess,1
Ryan Leslie,1
Sum 41,1
Drake Featuring WizKid & Kyla,1
Kanye West Featuring Syleena Johnson,1
Linkin Park Featuring Kiiara,1
Ray J Featuring Bobby Brackins,1
Christina Aguilera With Blake Shelton,1
The Weeknd Featuring Ed Sheeran,1
New Boyz Featuring The Cataracs & Dev,1
The Wiseguys,1
Down AKA Kilo,1
The White Buffalo & The Forest Rangers,1
Kendrick Lamar Featuring MC Eiht,1
Bubba Sparxxx Featuring Ying Yang Twins & Mr. ColliPark,1
Lloyd Featuring Ashanti,1
Far*East Movement Featuring Justin Bieber,1
LL Cool J Featuring Jennifer Lopez,1
John Rich,1
Fat Joe Featuring Tony Sunshine & Armageddon,1
Young Dro Featuring T.I.,1
Milky Chance,1
Twista Featuring Faith Evans,1
112 Featuring Super Cat,1
The Script Featuring will.i.am,1
French Montana Featuring Kodak Black,1
Opetaia Foa'i & Lin-Manuel Miranda,1
Ace Hood,1
Jamie Foxx Featuring Chris Brown,1
Dreezy Featuring Jeremih,1
"Dove Cameron, Cameron Boyce, Booboo Stewart & Sofia Carson",1
The Ready Set,1
Wale Featuring Jeremih,1
The Postal Service,1
Nicki Minaj Featruing Skylar Grey,1
Enrique Iglesias Featuring Sammy Adams,1
C-Side Featuring Keyshia Cole,1
B.o.B Featuring Priscilla,1
Ghostface Killah,1
Ja Rule Featuring Lil' Mo,1
Brad Paisley Duet With Carrie Underwood,1
Flo Rida Featuring Sean Kingston,1
Justin Bieber Featuring Nas,1
Martin Garrix & Bebe Rexha,1
Hot Stylz Featuring Yung Joc,1
Chante Moore,1
Rico Love,1
Duffy,1
Alice In Chains,1
Freeway Featuring Peedi Crakk,1
Enrique Iglesias Featuring Juan Luis Guerra,1
A.R. Rahman & The Pussycat Dolls Featuring Nicole Scherzinger,1
YG,1
Kenny Chesney With Mac McAnally,1
Janet & Nelly,1
Madison Avenue,1
Blake Shelton Featuring Gwen Stefani,1
Gyptian,1
Artists Stand Up To Cancer,1
Matthew Schuler,1
T-Pain Featuring B.o.B,1
The Lost Trailers,1
Taking Back Sunday,1
Future Featuring Rihanna,1
Timbaland Featuring The Fray & Esthero,1
Nelly Featuring Keri Hilson,1
Jeff Bates,1
YoungBloodZ,1
A$AP Rocky Featuring ScHoolboy Q,1
Austin Mahone,1
21 Savage & Metro Boomin Featuring Future,1
LeToya Featuring Ludacris,1
Gwyneth Paltrow,1
Beenie Man Featuring Janet,1
Tucker Beathard,1
The Click Five,1
R. Kelly Featuring Keri Hilson,1
Sheryl Crow & Sting,1
The Killers Featuring Toni Halliday,1
Rick Ross Featuring Ne-Yo,1
Big Sean Featuring Chris Brown,1
Flo Rida Featuring will.i.am,1
Kat Deluna Featuring Elephant Man,1
Rick Ross Featuring Drake & Chrisette Michele,1
Calvin Harris Featuring Ayah Marar,1
A Tribe Called Quest,1
Soulja Boy Tell'em Featuring I-15,1
B.o.B Featuring Trey Songz,1
Owl City & Carly Rae Jepsen,1
James Newton Howard Featuring Jennifer Lawrence,1
Carly Rae Jepsen Featuring Justin Bieber,1
Elvis Presley,1
Meek Mill Featuring Young Thug & 21 Savage,1
Sarah Connor,1
Kenny Chesney & Uncle Kracker,1
Trey Songz Featruing Fabolous,1
The Pussycat Dolls Featuring Nicole Scherzinger,1
Fabolous Featuring Mike Shorey & Lil' Mo,1
Kanye West Featuring Lupe Fiasco,1
Armin van Buuren Featuring Trevor Guthrie,1
John Legend Featuring Ludacris,1
Ideal Featuring Lil' Mo,1
Passenger,1
Lil Mama Featuring Chris Brown,1
50 Cent Featuring Olivia,1
"DJ Khaled Featuring T-Pain, Trick Daddy, Rick Ross & Plies",1
Elvis Presley vs JXL,1
"Lil Wayne, Wiz Khalifa & Imagine Dragons With Logic, Ty Dolla $ign Featuring X Ambassadors",1
Cam,1
Gavin Rossdale,1
Miley Cyrus & Billy Ray Cyrus,1
Nicki Minaj Featuring Chris Brown,1
Maroon 5 Featuring Rozzi Crane,1
Jay Z Featuring Frank Ocean,1
B2K Featuring Fabolous,1
Zac Efron & Vanessa Hudgens,1
DLOW,1
Wale Featuring Tiara Thomas,1
Eric Heatherly,1
Bow Wow Featuring Baby,1
702,1
Next,1
Memphis Bleek Featuring Jay-Z,1
Drake Featuring 21 Savage,1
Gym Class Heroes Featuring The-Dream,1
Skrillex & Rick Ross,1
Jhene Aiko,1
No Doubt Featuring Lady Saw,1
Black Eyed Peas Featuring Macy Gray,1
Justin Bieber Featuring Nicki Minaj,1
Snoop Dogg Featuring Pharrell & Uncle Charlie Wilson,1
Leonard Cohen,1
"Mike Will Made It Featuring Miley Cyrus, Wiz Khalifa & Juicy J",1
Flo Rida Featuring Timbaland,1
Glee Cast Featuring Matthew Morrison,1
Kanye West Featuring Young Jeezy,1
Major Lazer Featuring Nyla & Fuse ODG,1
Timbaland Featuring One Republic,1
Nick Jonas & The Administration,1
Bad Meets Evil,1
The Game Featuring Keyshia Cole,1
Lady Sovereign,1
Beyonce Featuring Slim Thug,1
Whitney Houston & Enrique Iglesias,1
Yolanda Adams,1
Mary J. Blige Featuring Eve,1
CSS,1
B.o.B Featuring Hayley Williams Of Paramore,1
Wyclef Jean Featuring Mary J. Blige,1
Young Jeezy Featuring Mannie Fresh,1
A$AP Ferg,1
Matt McAndrew & Adam Levine,1
Jay-Z Featuring Chrisette Michele,1
Chiddy Bang,1
R. Kelly Duet With Usher,1
Alien Ant Farm,1
Big Sean Featuring Kanye West & Roscoe Dash,1
The Game Featuring Kanye West,1
Jonn Hart Featuring iamSU,1
Charlie Puth Featuring Meghan Trainor,1
Ms. Jade,1
Julie Roberts,1
Lil Wayne Featuring Static Major,1
Gotye,1
Janet Featuring Khia,1
Drake Featuring Lil Wayne & Young Jeezy,1
AnnaSophia Robb,1
Busta Rhymes Featuring will.i.am & Kelis,1
Yung Joc Featuring Brandy 'Ms. B.' Hambrick,1
Marc E. Bassy Featuring G-Eazy,1
Lostprophets,1
Gigi D'Agostino,1
RockMafia,1
Meek Mill Featuring Tory Lanez,1
Wale Featuring Sam Dew,1
Tammy Cochran,1
Brian McComas,1
Dev Featuring The Cataracs,1
Cast Of Camp Rock,1
Martin Solveig & Dragonette,1
Javier,1
Kat DeLuna Featuring Elephant Man,1
Fifth Harmony Featuring Kid Ink,1
Fantasia Featuring Kelly Rowland & Missy Elliott,1
Luke Combs,1
The Raconteurs,1
Janelle Monae & Jidenna,1
T.I. Featuring Eminem,1
Sage The Gemini Featuring Nick Jonas,1
Heidi Newfield,1
Christina Perri Featuring Steve Kazee,1
Canaan Smith,1
Romeo Santos Featuring Usher,1
Tinashe Featuring ScHoolboy Q,1
J. Cole Featuring Miguel,1
OMI,1
Plies Featuring Chris J,1
Calum Scott,1
"Janet Featuring Missy Elliott, P. Diddy & Carly Simon",1
George Michael,1
Glee Cast Featuring Neil Patrick Harris,1
The Rock Heroes,1
Kevin Rudolf Featuring Lil Wayne,1
Ludacris Featuring Trey Songz,1
X-Ecutioners,1
Christina Milian Featuring Joe Budden,1
Westlife,1
Usher & Alicia Keys,1
Beenie Man Featuring Ms. Thing,1
J. Cole Featuring Amber Coffman & The Cults,1
Flex,1
Jaheim Featuring Tha Rayne,1
"Pitbull Featuring Ne-Yo, AfroJack & Nayer",1
Baby Featuring Clipse,1
Fat Joe Featuring J. Holiday,1
Trent Tomlinson,1
Shawn Mendes & Camila Cabello,1
Purple Ribbon All-Stars,1
The Bravery,1
Kenny Rogers With Alison Krauss,1
Brandy Featuring Chris Brown,1
Santana Featuring The Product G&B,1
Juvenile Featuring Mannie Fresh & Lil' Wayne,1
Robin Thicke Featuring Kendrick Lamar,1
Diana DeGarmo,1
Usher Featuring Juicy J,1
"David Guetta Featuring Nicki Minaj, Bebe Rexha & Afrojack",1
Kumbia Kings Featuring A.B. Quintanilla,1
Tim Rushlow,1
Cherish Featuring Yung Joc,1
Nicki Minaj Featuring Beyonce,1
Baha Men,1
Mannie Fresh,1
Ben Rector,1
Guns N' Roses,1
"Pitbull Featuring Ne-Yo, Afrojack & Nayer",1
Kevin Rudolf Featuring Rick Ross,1
Hailee Steinfeld & Grey Featuring Zedd,1
Jessie J Featuring 2 Chainz,1
Icona Pop Featuring Charli XCX,1
Phil Collins,1
Michael Franti & Spearhead,1
The Shins,1
Bobby Valentino Featuring Timbaland,1
Wale Featuring Lady Gaga,1
Kimberley Locke,1
Kenny Chesney With The Wailers,1
Ariana Grande Featuring Nicki Minaj,1
Psy,1
Gorilla Zoe Featuring Lil Jon,1
The Hives,1
Evan And Jaron,1
Lil Boosie Featuring Foxx & Webbie,1
Cam'ron Featuring Juelz Santana,1
Sage The Gemini Featuring IamSu,1
Alexandra Stan,1
MadeinTYO,1
KYLE Featuring Lil Yachty,1
Wale,1
Wiz Khalifa Featuring Snoop Dogg & Ty Dolla $ign,1
Chief Keef,1
David Guetta Featuring Chris Brown & Lil Wayne,1
Dr. Dre Featuring Snoop Dogg & Akon,1
Yael Naim,1
"Shaggy Featuring Mohombi, Faydee, Costi",1
Kelly Clarkson Featuring Vince Gill,1
Jennifer Lopez & Lin-Manuel Miranda,1
Jennifer Hudson & Ne-Yo Featuring Rick Ross,1
Wham! Featuring George Michael,1
fun. Featuring Janelle Monae,1
Willa Ford,1
Cali Swag District,1
Wiz Khalifa & Iggy Azalea,1
Flo Rida Featuring David Guetta,1
Eric Church Featuring Rhiannon Giddens,1
Ester Dean Featuring Chris Brown,1
G Unit,1
Fabolous Featuring Tamia Or Ashanti,1
Idina Menzel Duet With Michael Buble,1
"Glee Cast Featuring Lea Michele, Jonathan Groff, Cory Monteith, Chris Colfer & Amber Riley",1
Teddy Geiger,1
Garrett Hedlund & Leighton Meester,1
Pitbull Featuring Shakira,1
Glenn Lewis,1
QB's Finest Featuring Nas,1
2 Chainz Featuring Drake & Lil Wayne,1
M.I.A.,1
Aaron Lines,1
"Wyclef Jean Featuring Akon, Lil Wayne & Niia",1
Drake Featuring Birdman,1
A$AP Rocky Featuring Skrillex,1
Christian Castro,1
Ja Rule Featuring Lil' Mo And Vita,1
50 Cent Featuring Justin Timberlake & Timbaland,1
R. City Featuring Adam Levine,1
The Game Featuring Lil Wayne,1
J-Shin Featuring LaTocha Scott,1
DMX Featuring Faith Evans,1
Three 6 Mafia Featuring Chamillionaire,1
Christina Aguilera Featuring Missy Elliott,1
Iyaz Featuring Travie McCoy,1
Chamillionaire Featuring Krayzie Bone,1
Coo Coo Cal,1
Marshmello,1
Ciara Featuring Chamillionaire,1
Tracie Spencer,1
Lil Wayne Featuring Eminem,1
Julianne Hough,1
J. Cole Featuring TLC,1
Beastie Boys Featuring Nas,1
American Idol Finalists,1
Beyonce Featuring Sean Paul,1
Rihanna & Sean Paul,1
YoungBloodZ Featuring Lil Jon,1
Brooks,1
Teena Marie Featuring Gerald Levert,1
OutKast Featuring Scar & Sleepy Brown,1
SoulDecision Featuring Thrust,1
Panic At The Disco,1
Machine Gun Kelly x Camila Cabello,1
Ric-A-Che,1
Bonnie McKee,1
Pitbull Featuring Enrique Iglesias,1
SHeDAISY,1
Juicy J Featuring Lil Wayne & 2 Chainz,1
Samantha Barks,1
Savage Featuring Soulja Boy Tell'em,1
Alison Gold,1
B.o.B Featuring Taylor Swift,1
"Glee Cast Featuring Lea Michele, Cory Monteith, Jenna Ushkowitz & Amber Riley",1
David Guetta Featuring Rihanna,1
Ol' Dirty Bastard Featuring Kelis,1
"Steve Aoki, Chris Lake & Tujamo Featuring Kid Ink",1
Janet Featuring J. Cole,1
"DJ Khaled Featuring Rick Ross, Plies, Lil Wayne & T-Pain",1
Lil Wayne Featuring Drake & Jadakiss,1
Nicki Minaj Featuring Ariana Grande,1
Waka Flocka Flame Featuring Drake,1
Major Lazer Featuring Nyla,1
Beyonce Featuring The Weeknd,1
@iHeartMemphis,1
James Wolpert,1
Trina Featuring Ludacris,1
Sugababes,1
Paul Wall Featuring Jermaine Dupri,1
Twista Featuring Chris Brown,1
Shawnna Featuring Ludacris,1
K'Naan,1
La Roux,1
The Roc Project Featuring Tina Arena,1
"Lil Wayne, Wiz Khalifa & Imagine Dragons With Logic, Ty Dolla $ign & X Ambassadors",1
Hailee Steinfeld,1
Cyndi Thomson,1
YFN Lucci Featuring Migos & Trouble,1
Keyshia Cole Featuring Lil Wayne,1
P$C Featuring T.I. & Lil Scrappy,1
Will Smith Featuring K-Ci,1
Good Charlotte Featuring M. Shadows And Synyster Gates,1
Mint Condition,1
Tony Bennett & Amy Winehouse,1
Kid Cudi Featuring MGMT & Ratatat,1
Alpha Rev,1
Lara Fabian,1
"Ke$ha Featuring Lil Wayne, Wiz Khalifa, T.I. & Andre 3000",1
Jamie Foxx Featuring Drake,1
Common Featuring Pharrell,1
Gucci Mane Featuring Usher,1
OneRepublic With Sara Bareilles,1
Keke Wyatt Featuring Avant,1
"Kanye West Featuring Theophilus London, Allan Kingdom & Paul McCartney",1
The Calling,1
Thalia Featuring Fat Joe,1
"Fergie, Q-Tip & GoonRock",1
Chris Daughtry,1
UGK Featuring OutKast,1
The Lonely Island Featuring T-Pain,1
Cupid,1
Mystikal Featuring Nivea,1
Chely Wright,1
Cam'ron Featuring Kanye West & Syleena Johnson,1
August Alsina Featuing Trinidad James,1
Keith Urban Featuring Carrie Underwood,1
Train Featuring Ashley Monroe,1
Timbaland Featuring Katy Perry,1
Splender,1
Ca$hOut,1
"Ginuwine, R.L., Tyrese, Case",1
Rihanna Featuring Jeezy,1
Ol  Dirty Bastard Featuring Kelis,1
Diddy Featuring Keyshia Cole,1
Jamie N Commons & X Ambassadors,1
The Chainsmokers Featuring Daya,1
American Hi-Fi,1
N.W.A,1
Evanescence Featuring Paul McCoy,1
Ugly God,1
"Ja Rule Featuring Charli ""Chuck"" Baltimore",1
Big Sean Featuring Nicki Minaj,1
RaeLynn,1
Pitbull Featuring John Ryan,1
Fergie Featuring will.i.am,1
Yung Joc Featuring Gorilla Zoe,1
The Pussycat Dolls Featuring Big Snoop Dogg,1
Macy Gray,1
Gucci Mane & Drake,1
gnash Featuring Johnny Yukon,1
Michael Jackson Duet With Akon,1
Rick Ross Featuring Nelly & Avery Storm,1
Joshua Radin,1
Taio Cruz,1
Thriving Ivory,1
"DJ Khaled Featuring T.I., Akon, Rick Ross, Fat Joe, Lil' Wayne & Baby",1
Khalid,1
Lil Wayne Featuring Bruno Mars,1
Sisqo Featuring Make It Hot,1
Calvin Harris Featuring Ne-Yo,1
Plies Featuring T-Pain,1
Before Dark,1
Jay-Z + Swizz Beatz,1
David Guetta & Chris Willis Featuring Fergie & LMFAO,1
"Missy ""Misdemeanor"" Elliott Featuring NAS, EVE & Q-Tip",1
Beyonce Featuring Jack White,1
Keyshia Cole Featuring Missy Elliott & Lil Kim,1
Jamie Foxx Featuring Justin Timberlake & T .I.,1
GS Boyz,1
Usher & Michelle Chamuel,1
Eminem Featuring Dido,1
Duran Duran,1
F.L.Y. (Fast Life Yungstaz),1
"Kristen Bell, Agatha Lee Monn & Katie Lopez",1
Madonna Featuring Justin Timberlake,1
The Pussycat Dolls Featuring Busta Rhymes,1
Usher Featuring Lil Jon & Ludacris,1
Calvin Harris Featuring Frank Ocean & Migos,1
Telepopmusik,1
will.i.am Featuring Justin Bieber,1
Lil' Mo,1
Three 6 Mafia Featuring Kalenna,1
Swedish House Mafia Featuring John Martin,1
Caesars,1
Dwele,1
PnB Rock,1
Reeve Carney Featuring Bono & The Edge,1
Fort Minor Featuring Holly Brook,1
Jennifer Hudson Featuring The Roots,1
"Snoop Dogg Featuring Master P, Nate Dogg, Butch Cassidy & Tha Eastsidaz",1
Lil' Romeo,1
Freeway Featuring Jay-Z & Beanie Sigel,1
Drake Featuring Majid Jordan,1
Paula DeAnda Featuring Bow Wow,1
Drake Featuring Jhene Aiko,1
Britney Spears Featuring Tinashe,1
Jose Feliciano,1
Dawin,1
Cobra Starship Featuring Sabi,1
Mynt Featuring Kim Sozzi,1
Ying Yang Twins Featuring Mike Jones & Mr. ColliPark,1
Roscoe Dash Featuring Soulja Boy Tell'em,1
Azul Azul,1
Dev,1
Beyonce Featuring Kendrick Lamar,1
Kevin Lyttle Featuring Spragga Benz,1
LunchMoney Lewis,1
Cassidy,1
Chris Brown Feat. Ludacris,1
Waka Flocka Flame Featuring Kebo Gotti,1
Choppa Featuring Master P,1
Mindless Behavior Featuring Diggy,1
Eminem Featuring Nate Dogg,1
Angie Martinez Featuring Kelis,1
Glee Cast Featuring Olivia Newton-John,1
Robin Thicke Featuring T.I. + Pharrell,1
T.I. Featuring Wyclef Jean,1
Shakira Featuring Freshlyground,1
Chamillionaire Featuring Lil' Flip,1
Brandi Carlile,1
Soundgarden,1
"Big Tymers Featuring Tateeze, Boo & Gotti",1
Jon B,1
Empire Cast Featuring Jussie Smollett & Yazz,1
Major Lazer Featuring Justin Bieber & MO,1
Ozzy Osbourne,1
De La Soul Featuring Chaka Khan,1
Big Sean Featuring Jeremih,1
Florida Georgia Line Ft. Jason Derulo & Luke Bryan,1
Koryn Hawthorne,1
"Houston Featuring Chingy, Nate Dogg & I-20",1
Monchy & Alexandra,1
Silversun Pickups,1
Lil Yachty,1
Nas Featuring will.i.am,1
Drake Featuring Alicia Keys,1
Santana Featuring Rob Thomas,1
Sean Kingston Featuring Chris Brown & Wiz Khalifa,1
Busta Rhymes Featuring P. Diddy & Pharrell,1
Casey Weston,1
Casey James,1
Field Mob,1
Demi Lovato & Joe Jonas,1
August Alsina Featuring Trinidad James,1
B2K & P. Diddy,1
Rick Ross Featuring Nicki Minaj,1
Eminem Featuring Nate Ruess,1
A Great Big World Featuring Christina Aguilera,1
Isyss Featuring Jadakiss,1
Usher Featuring Plies,1
"Three The... G. Dep, P. Diddy & Black Rob",1
Iggy Azalea Featuring Jennifer Hudson,1
Taio Cruz Featuring Travie McCoy,1
Drake Featuring The Throne,1
Mike Posner Featuring Big Sean,1
Maroon 5 Featuring Wiz Khalifa,1
Yung Berg Featuring Junior,1
50 Cent & Olivia,1
Tyga Featuring Drake,1
"Nelly Featuring Kyjuan, Ali & Murphy Lee",1
Skillet,1
David Guetta Featuring Usher,1
Future Featuring T.I.,1
Garbage,1
Timbaland Featuring Drake,1
Pistol Annies,1
Erykah Badu Featuring Common,1
Lindsey Pavao,1
Usher Featuring will.i.am,1
Major Lazer Featuring Justin Bieber & M0,1
Christopher Wilde & Anna Margaret,1
